WARNING: A restricted method in java.lang.System has been called
WARNING: java.lang.System::load has been called by net.rubygrapefruit.platform.internal.NativeLibraryLoader in an unnamed module (file:/C:/Users/RNaim/.gradle/wrapper/dists/gradle-9.7.1-bin/1w1c7tv4s851m17nbqdsro2tv/gradle-9.7.1/lib/native-platform-0.22-milestone-29.jar)
WARNING: Use --enable-native-access=ALL-UNNAMED to avoid a warning for callers in this module
WARNING: Restricted methods will be blocked in a future release unless native access is enabled

To honour the JVM settings for this build a single-use Daemon process will be forked. For more on this, please refer to https://docs.gradle.org/9.7.1/userguide/gradle_daemon.html#sec:disabling_the_daemon in the Gradle documentation.
Daemon will be stopped at the end of the build 
> Task :common:compileJava UP-TO-DATE
> Task :common:processResources NO-SOURCE
> Task :common:classes UP-TO-DATE
> Task :common:jar UP-TO-DATE
> Task :common:compileTestJava
> Task :common:processTestResources NO-SOURCE
> Task :common:testClasses
> Task :common:test
> Task :createMinecraftArtifacts UP-TO-DATE
> Task :compileJava UP-TO-DATE
> Task :processResources UP-TO-DATE
> Task :classes UP-TO-DATE
> Task :compileCompatTestJava UP-TO-DATE
> Task :processCompatTestResources NO-SOURCE
> Task :compatTestClasses UP-TO-DATE

> Task :compileGameTestJava
D:\javaProjects\dndturn26.1\targets\neoforge-26.1\src\gameTest\java\cc\sighs\dndturn\gametest\LocalTimeGameTests.java:416: 警告: [removal] GameTestHelper 中的 makeMockServerPlayerInLevel() 已过时, 且标记为待删除
            ServerPlayer player = helper.makeMockServerPlayerInLevel();
                                        ^
D:\javaProjects\dndturn26.1\targets\neoforge-26.1\src\gameTest\java\cc\sighs\dndturn\gametest\LocalTimeGameTests.java:554: 警告: [removal] GameTestHelper 中的 makeMockServerPlayerInLevel() 已过时, 且标记为待删除
        ServerPlayer first = helper.makeMockServerPlayerInLevel();
                                   ^
D:\javaProjects\dndturn26.1\targets\neoforge-26.1\src\gameTest\java\cc\sighs\dndturn\gametest\LocalTimeGameTests.java:555: 警告: [removal] GameTestHelper 中的 makeMockServerPlayerInLevel() 已过时, 且标记为待删除
        ServerPlayer second = helper.makeMockServerPlayerInLevel();
                                    ^
D:\javaProjects\dndturn26.1\targets\neoforge-26.1\src\gameTest\java\cc\sighs\dndturn\gametest\LocalTimeGameTests.java:741: 警告: [removal] GameTestHelper 中的 makeMockServerPlayerInLevel() 已过时, 且标记为待删除
            ServerPlayer player = helper.makeMockServerPlayerInLevel();
                                        ^
D:\javaProjects\dndturn26.1\targets\neoforge-26.1\src\gameTest\java\cc\sighs\dndturn\gametest\LocalTimeGameTests.java:846: 警告: [removal] GameTestHelper 中的 makeMockServerPlayerInLevel() 已过时, 且标记为待删除
            ServerPlayer player = helper.makeMockServerPlayerInLevel();
                                        ^
D:\javaProjects\dndturn26.1\targets\neoforge-26.1\src\gameTest\java\cc\sighs\dndturn\gametest\LocalTimeGameTests.java:907: 警告: [removal] GameTestHelper 中的 makeMockServerPlayerInLevel() 已过时, 且标记为待删除
        ServerPlayer player = helper.makeMockServerPlayerInLevel();
                                    ^
D:\javaProjects\dndturn26.1\targets\neoforge-26.1\src\gameTest\java\cc\sighs\dndturn\gametest\LocalTimeGameTests.java:993: 警告: [removal] GameTestHelper 中的 makeMockServerPlayerInLevel() 已过时, 且标记为待删除
                players[i] = helper.makeMockServerPlayerInLevel();
                                   ^
D:\javaProjects\dndturn26.1\targets\neoforge-26.1\src\gameTest\java\cc\sighs\dndturn\gametest\LocalTimeGameTests.java:1064: 警告: [removal] GameTestHelper 中的 makeMockServerPlayerInLevel() 已过时, 且标记为待删除
            ServerPlayer firstPlayer = helper.makeMockServerPlayerInLevel();
                                             ^
D:\javaProjects\dndturn26.1\targets\neoforge-26.1\src\gameTest\java\cc\sighs\dndturn\gametest\LocalTimeGameTests.java:1065: 警告: [removal] GameTestHelper 中的 makeMockServerPlayerInLevel() 已过时, 且标记为待删除
            ServerPlayer secondPlayer = helper.makeMockServerPlayerInLevel();
                                              ^
D:\javaProjects\dndturn26.1\targets\neoforge-26.1\src\gameTest\java\cc\sighs\dndturn\gametest\LocalTimeGameTests.java:1242: 警告: [removal] GameTestHelper 中的 makeMockServerPlayerInLevel() 已过时, 且标记为待删除
        ServerPlayer player = helper.makeMockServerPlayerInLevel();
                                    ^
D:\javaProjects\dndturn26.1\targets\neoforge-26.1\src\gameTest\java\cc\sighs\dndturn\gametest\LocalTimeGameTests.java:1354: 警告: [removal] GameTestHelper 中的 makeMockServerPlayerInLevel() 已过时, 且标记为待删除
        ServerPlayer player = helper.makeMockServerPlayerInLevel();
                                    ^
D:\javaProjects\dndturn26.1\targets\neoforge-26.1\src\gameTest\java\cc\sighs\dndturn\gametest\LocalTimeGameTests.java:1365: 警告: [removal] GameTestHelper 中的 makeMockServerPlayerInLevel() 已过时, 且标记为待删除
        ServerPlayer other = helper.makeMockServerPlayerInLevel();
                                   ^
D:\javaProjects\dndturn26.1\targets\neoforge-26.1\src\gameTest\java\cc\sighs\dndturn\gametest\LocalTimeGameTests.java:1581: 警告: [removal] GameTestHelper 中的 makeMockServerPlayerInLevel() 已过时, 且标记为待删除
        ServerPlayer player = helper.makeMockServerPlayerInLevel();
                                    ^
D:\javaProjects\dndturn26.1\targets\neoforge-26.1\src\gameTest\java\cc\sighs\dndturn\gametest\LocalTimeGameTests.java:1623: 警告: [removal] GameTestHelper 中的 makeMockServerPlayerInLevel() 已过时, 且标记为待删除
            ServerPlayer player = helper.makeMockServerPlayerInLevel();
                                        ^
D:\javaProjects\dndturn26.1\targets\neoforge-26.1\src\gameTest\java\cc\sighs\dndturn\gametest\LocalTimeGameTests.java:1999: 警告: [removal] GameTestHelper 中的 makeMockServerPlayerInLevel() 已过时, 且标记为待删除
            ServerPlayer player = helper.makeMockServerPlayerInLevel();
                                        ^
D:\javaProjects\dndturn26.1\targets\neoforge-26.1\src\gameTest\java\cc\sighs\dndturn\gametest\LocalTimeGameTests.java:2064: 警告: [removal] GameTestHelper 中的 makeMockServerPlayerInLevel() 已过时, 且标记为待删除
            ServerPlayer player = helper.makeMockServerPlayerInLevel();
                                        ^
D:\javaProjects\dndturn26.1\targets\neoforge-26.1\src\gameTest\java\cc\sighs\dndturn\gametest\LocalTimeGameTests.java:2209: 警告: [removal] GameTestHelper 中的 makeMockServerPlayerInLevel() 已过时, 且标记为待删除
        ServerPlayer player = helper.makeMockServerPlayerInLevel();
                                    ^
D:\javaProjects\dndturn26.1\targets\neoforge-26.1\src\gameTest\java\cc\sighs\dndturn\gametest\LocalTimeGameTests.java:2269: 警告: [removal] GameTestHelper 中的 makeMockServerPlayerInLevel() 已过时, 且标记为待删除
        ServerPlayer player = helper.makeMockServerPlayerInLevel();
                                    ^
D:\javaProjects\dndturn26.1\targets\neoforge-26.1\src\gameTest\java\cc\sighs\dndturn\gametest\LocalTimeGameTests.java:2401: 警告: [removal] GameTestHelper 中的 makeMockServerPlayerInLevel() 已过时, 且标记为待删除
        ServerPlayer player = helper.makeMockServerPlayerInLevel();
                                    ^
注: D:\javaProjects\dndturn26.1\targets\neoforge-26.1\src\gameTest\java\cc\sighs\dndturn\gametest\LocalTimeGameTests.java使用或覆盖了已过时的 API。
注: 有关详细信息, 请使用 -Xlint:deprecation 重新编译。
19 个警告

> Task :processGameTestResources UP-TO-DATE
> Task :gameTestClasses
> Task :downloadAssets UP-TO-DATE
> Task :prepareGameTestServerRun UP-TO-DATE

> Task :runGameTestServer
2026-09-28T10:10:47.740362800Z main WARN Advanced terminal features are not available in this environment
[18:10:47] [main/INFO] [ne.ne.fm.st.Entrypoint/]: JVM Uptime at startup: 111ms
[18:10:47] [main/INFO] [ne.ne.fm.lo.FMLLoader/]: Starting FancyModLoader version 11.0.15 (DEDICATED_SERVER in DEV)
[18:10:47] [main/INFO] [ne.ne.fm.lo.FMLLoader/]: Game directory: D:\javaProjects\dndturn26.1\targets\neoforge-26.1\build\gametest-run
[18:10:47] [main/INFO] [ne.ne.fm.lo.EarlyServiceDiscovery/]: Found 2 early service jars (out of 109) in 15ms
[18:10:47] [main/INFO] [ne.ne.fm.lo.FMLLoader/]: Loading FML Early Services:
[18:10:47] [main/INFO] [ne.ne.fm.lo.FMLLoader/]:  - C:/Users/RNaim/.gradle/caches/modules-2/files-2.1/net.neoforged.fancymodloader/loader/11.0.15/69ddd98736a6b095783523404d1af8992842722/loader-11.0.15.jar
[18:10:47] [main/INFO] [ne.ne.fm.lo.FMLLoader/]:  - C:/Users/RNaim/.gradle/caches/modules-2/files-2.1/net.neoforged.fancymodloader/earlydisplay/11.0.15/b254aa4ec40828f8ce65411dcb7fb9f6ce008064/earlydisplay-11.0.15.jar
[18:10:47] [main/INFO] [ne.ne.fm.lo.ImmediateWindowHandler/]: Not loading early display in headless mode.
[18:10:47] [main/INFO] [ne.ne.fm.lo.mo.lo.GameLocator/]: Detected a joined NeoForge and Minecraft configuration. Applying filtering...
[18:10:47] [main/INFO] [ne.ne.fm.lo.mo.lo.InDevFolderLocator/CORE]: Got mod coordinates dndturnTests%%D:\javaProjects\dndturn26.1\targets\neoforge-26.1\build\classes\java\main;dndturnTests%%D:\javaProjects\dndturn26.1\targets\neoforge-26.1\build\resources\main;dndturnTests%%D:\javaProjects\dndturn26.1\common\build\classes\java\main;dndturnTests%%D:\javaProjects\dndturn26.1\targets\neoforge-26.1\build\classes\java\compatTest;dndturnTests%%D:\javaProjects\dndturn26.1\targets\neoforge-26.1\build\resources\compatTest;dndturnTests%%D:\javaProjects\dndturn26.1\targets\neoforge-26.1\build\classes\java\gameTest;dndturnTests%%D:\javaProjects\dndturn26.1\targets\neoforge-26.1\build\resources\gameTest from env
[18:10:48] [main/INFO] [ne.ne.fm.lo.mo.lo.JarInJarDependencyLocator/]: Found 2 dependencies adding them to mods collection
[18:10:48] [main/INFO] [ne.ne.fm.lo.mo.ModDiscoverer/]: 
     Mod List:
		Name Version (Mod Id)

		ApricityUI 1.2.5 (apricityui)
		DNDTurn 1.0.0-SNAPSHOT (dndturn)
		Minecraft 26.1.2 (minecraft)
		NeoForge 26.1.2.84 (neoforge)
[18:10:48] [main/INFO] [mixin/]: SpongePowered MIXIN Subsystem Version=0.8.7 Source=file:/C:/Users/RNaim/.gradle/caches/modules-2/files-2.1/net.fabricmc/sponge-mixin/0.17.3+mixin.0.8.7/41c4a3984a80f4679e759fb9f495587acc5cdac7/sponge-mixin-0.17.3+mixin.0.8.7.jar Service=FML Env=SERVER
[18:10:48] [main/INFO] [ne.ne.fm.lo.FMLLoader/]: Loading FML Plugins:
[18:10:48] [main/INFO] [ne.ne.fm.lo.FMLLoader/]:  - C:/Users/RNaim/.gradle/caches/modules-2/files-2.1/net.neoforged/neoforge/26.1.2.84/b725526a2fab2163b9a0a8ce89d435d7cd5d8a88/neoforge-26.1.2.84-universal.jar > net.neoforged.neoforge-coremods-26.1.2.84.jar
[18:10:48] [main/INFO] [ne.ne.fm.lo.FMLLoader/]: Building game content classloader:
 - apricityui (jar(C:/Users/RNaim/.gradle/caches/modules-2/files-2.1/maven.modrinth/apricityui/wwrdhxiM/d4311449e5b1cdc9a59e33a7f2b02435d7441546/apricityui-wwrdhxiM.jar))
 - dndturn (composite(folder(D:/javaProjects/dndturn26.1/targets/neoforge-26.1/build/classes/java/main), folder(D:/javaProjects/dndturn26.1/targets/neoforge-26.1/build/resources/main), folder(D:/javaProjects/dndturn26.1/common/build/classes/java/main), folder(D:/javaProjects/dndturn26.1/targets/neoforge-26.1/build/classes/java/compatTest), folder(D:/javaProjects/dndturn26.1/targets/neoforge-26.1/build/classes/java/gameTest), folder(D:/javaProjects/dndturn26.1/targets/neoforge-26.1/build/resources/gameTest)))
 - minecraft (composite(filtered(jar(D:/javaProjects/dndturn26.1/targets/neoforge-26.1/build/moddev/artifacts/minecraft-patched-26.1.2.84.jar)), filtered(jar(D:/javaProjects/dndturn26.1/targets/neoforge-26.1/build/moddev/artifacts/minecraft-patched-26.1.2.84.jar))))
 - mixinextras.neoforge (jar(C:/Users/RNaim/.gradle/caches/modules-2/files-2.1/net.neoforged/neoforge/26.1.2.84/b725526a2fab2163b9a0a8ce89d435d7cd5d8a88/neoforge-26.1.2.84-universal.jar > mixinextras-neoforge-0.5.4.jar))
 - neoforge (composite(filtered(jar(C:/Users/RNaim/.gradle/caches/modules-2/files-2.1/net.neoforged/neoforge/26.1.2.84/b725526a2fab2163b9a0a8ce89d435d7cd5d8a88/neoforge-26.1.2.84-universal.jar))))
 - net.neoforged.fml.generated (empty(VirtualJar/net.neoforged.fml.generated))
[18:10:48] [main/INFO] [ne.ne.fm.lo.FMLLoader/]: Built game content classloader in 14ms
[18:10:48] [main/INFO] [mixin/]: Compatibility level set to JAVA_25
[18:10:48] [main/WARN] [mixin/]: Reference map 'apricityui.refmap.json' for apricityui.mixins.json could not be read. If this is a development environment you can ignore this message
[18:10:48] [main/INFO] [minecraft/GameTestMainUtil]: Running GameTestMain with cwd 'D:\javaProjects\dndturn26.1\targets\neoforge-26.1\build\gametest-run', universe path 'gametestserver'
[18:10:48] [main/INFO] [MixinExtras|Service/]: Initializing MixinExtras via com.llamalad7.mixinextras.service.MixinExtrasServiceImpl(version=0.5.4).
[18:10:50] [modloading-worker-0/INFO] [ne.ne.ne.co.NeoForgeMod/NEOFORGE-MOD]: NeoForge mod loading, version 26.1.2.84, for MC 26.1.2
[18:10:50] [modloading-sync-worker/INFO] [co.si.ap.ne.ap.NetworkAutoRegistration/]: [NetworkAutoReg] Metadata scan found: 4 | added: 4 | skipped: 0
[18:10:51] [main/INFO] [minecraft/RecipeManager]: Loaded 1515 recipes
[18:10:51] [main/INFO] [minecraft/AdvancementTree]: Loaded 1617 advancements
[18:10:51] [main/INFO] [ne.ne.ne.co.cr.RecipePriorityManager/]: Loaded 0 recipe priority overrides
[18:10:51] [Server thread/INFO] [minecraft/LoggingLevelLoadListener]: Selecting global world spawn...
[18:10:52] [Server thread/INFO] [minecraft/LoggingLevelLoadListener]: Loading 0 persistent chunks...
[18:10:52] [Server thread/INFO] [minecraft/LoggingLevelLoadListener]: Preparing spawn area: 100%
[18:10:52] [Server thread/INFO] [minecraft/LoggingLevelLoadListener]: Time elapsed: 171 ms
[18:10:52] [Server thread/INFO] [minecraft/GameTestServer]: Started game test server
[18:10:52] [Server thread/INFO] [ne.ne.ne.se.pe.PermissionAPI/]: Successfully initialized permission handler neoforge:default_handler
[18:10:52] [Server thread/INFO] [minecraft/GameTestServer]: 62 tests are now running at position 3668944, -59, 13789506!
[18:10:52] [Server thread/INFO] [minecraft/GameTestRunner]: Running test environment 'dndturn:discovery_cursor' batch 0 (1 tests)...
[18:10:52] [Server thread/INFO] [minecraft/GameTestServer]: [                                                              ]
[18:10:52] [Server thread/INFO] [minecraft/GameTestServer]: [                                                              ]
[18:10:52] [Server thread/INFO] [minecraft/GameTestServer]: [                                                              ]
[18:10:52] [Server thread/INFO] [minecraft/GameTestServer]: [                                                              ]
[18:10:52] [Server thread/INFO] [minecraft/GameTestServer]: [                                                              ]
[18:10:52] [Server thread/INFO] [minecraft/GameTestServer]: [                                                              ]
[18:10:52] [Server thread/INFO] [minecraft/GameTestServer]: [                                                              ]
[18:10:52] [Server thread/INFO] [minecraft/GameTestServer]: [                                                              ]
[18:10:52] [Server thread/INFO] [minecraft/GameTestServer]: [                                                              ]
[18:10:52] [Server thread/INFO] [minecraft/GameTestServer]: [                                                              ]
[18:10:52] [Server thread/INFO] [minecraft/GameTestServer]: [                                                              ]
[18:10:52] [Server thread/INFO] [minecraft/GameTestServer]: [                                                              ]
[18:10:52] [Server thread/INFO] [minecraft/GameTestServer]: [                                                              ]
[18:10:52] [Server thread/INFO] [minecraft/GameTestServer]: [                                                              ]
[18:10:52] [Server thread/INFO] [minecraft/GameTestServer]: [                                                              ]
[18:10:52] [Server thread/INFO] [minecraft/GameTestServer]: [                                                              ]
[18:10:52] [Server thread/INFO] [minecraft/GameTestServer]: [                                                              ]
[18:10:52] [Server thread/INFO] [minecraft/GameTestServer]: [                                                              ]
[18:10:52] [Server thread/INFO] [minecraft/GameTestServer]: [                                                              ]
[18:10:52] [Server thread/INFO] [minecraft/GameTestServer]: [                                                              ]
[18:10:52] [Server thread/INFO] [minecraft/GameTestServer]: [                                                              ]
[18:10:52] [Server thread/INFO] [minecraft/GameTestServer]: [                                                              ]
[18:10:52] [Server thread/INFO] [minecraft/GameTestServer]: [                                                              ]
[18:10:52] [Server thread/INFO] [minecraft/GameTestServer]: [                                                              ]
[18:10:52] [Server thread/INFO] [minecraft/GameTestServer]: [                                                              ]
[18:10:52] [Server thread/INFO] [minecraft/GameTestServer]: [                                                              ]
[18:10:52] [Server thread/INFO] [minecraft/GameTestServer]: [                                                              ]
[18:10:52] [Server thread/INFO] [minecraft/GameTestServer]: [                                                              ]
[18:10:52] [Server thread/INFO] [minecraft/GameTestServer]: [                                                              ]
[18:10:52] [Server thread/INFO] [minecraft/GameTestServer]: [                                                              ]
[18:10:52] [Server thread/INFO] [minecraft/GameTestServer]: [                                                              ]
[18:10:52] [Server thread/INFO] [minecraft/GameTestServer]: [                                                              ]
[18:10:52] [Server thread/INFO] [minecraft/GameTestServer]: [                                                              ]
[18:10:52] [Server thread/INFO] [minecraft/GameTestServer]: [                                                              ]
[18:10:52] [Server thread/INFO] [minecraft/GameTestServer]: [                                                              ]
[18:10:52] [Server thread/INFO] [minecraft/GameTestServer]: [                                                              ]
[18:10:52] [Server thread/INFO] [minecraft/GameTestServer]: [                                                              ]
[18:10:52] [Server thread/INFO] [minecraft/GameTestServer]: [                                                              ]
[18:10:52] [Server thread/INFO] [minecraft/GameTestServer]: [                                                              ]
[18:10:52] [Server thread/INFO] [minecraft/GameTestServer]: [                                                              ]
[18:10:52] [Server thread/INFO] [minecraft/GameTestServer]: [                                                              ]
[18:10:52] [Server thread/INFO] [minecraft/GameTestServer]: [                                                              ]
[18:10:52] [Server thread/INFO] [minecraft/GameTestServer]: [                                                              ]
[18:10:52] [Server thread/INFO] [minecraft/GameTestServer]: [                                                              ]
[18:10:52] [Server thread/INFO] [minecraft/GameTestServer]: [                                                              ]
[18:10:52] [Server thread/INFO] [minecraft/GameTestServer]: [                                                              ]
[18:10:52] [Server thread/INFO] [minecraft/GameTestServer]: [                                                              ]
[18:10:52] [Server thread/INFO] [minecraft/GameTestServer]: [                                                              ]
[18:10:52] [Server thread/INFO] [minecraft/GameTestServer]: [                                                              ]
[18:10:52] [Server thread/INFO] [minecraft/GameTestServer]: [                                                              ]
[18:10:52] [Server thread/INFO] [minecraft/GameTestServer]: [                                                              ]
[18:10:52] [Server thread/INFO] [minecraft/GameTestServer]: [                                                              ]
[18:10:52] [Server thread/INFO] [minecraft/GameTestServer]: [                                                              ]
[18:10:52] [Server thread/INFO] [minecraft/GameTestServer]: [                                                              ]
[18:10:52] [Server thread/INFO] [minecraft/GameTestServer]: [                                                              ]
[18:10:52] [Server thread/INFO] [minecraft/GameTestServer]: [                                                              ]
[18:10:52] [Server thread/INFO] [minecraft/GameTestServer]: [                                                              ]
[18:10:52] [Server thread/INFO] [minecraft/GameTestServer]: [                                                              ]
[18:10:52] [Server thread/INFO] [minecraft/GameTestServer]: [                                                              ]
[18:10:52] [Server thread/INFO] [minecraft/GameTestServer]: [                                                              ]
[18:10:52] [Server thread/INFO] [minecraft/GameTestServer]: [                                                              ]
[18:10:52] [Server thread/INFO] [minecraft/GameTestServer]: [                                                              ]
[18:10:52] [Server thread/INFO] [minecraft/GameTestServer]: [                                                              ]
[18:10:52] [Server thread/INFO] [minecraft/GameTestServer]: [                                                              ]
[18:10:52] [Server thread/INFO] [minecraft/GameTestServer]: [                                                              ]
[18:10:52] [Server thread/INFO] [minecraft/GameTestServer]: [                                                              ]
[18:10:52] [Server thread/INFO] [minecraft/GameTestServer]: [                                                              ]
[18:10:52] [Server thread/INFO] [minecraft/GameTestServer]: [                                                              ]
[18:10:52] [Server thread/INFO] [minecraft/GameTestServer]: [                                                              ]
[18:10:52] [Server thread/INFO] [minecraft/GameTestServer]: [                                                              ]
[18:10:52] [Server thread/INFO] [minecraft/GameTestServer]: [                                                              ]
[18:10:52] [Server thread/INFO] [minecraft/GameTestServer]: [                                                              ]
[18:10:52] [Server thread/INFO] [minecraft/GameTestServer]: [                                                              ]
[18:10:52] [Server thread/INFO] [minecraft/GameTestServer]: [                                                              ]
[18:10:52] [Server thread/INFO] [minecraft/GameTestServer]: [                                                              ]
[18:10:52] [Server thread/INFO] [minecraft/GameTestServer]: [                                                              ]
[18:10:52] [Server thread/INFO] [minecraft/GameTestServer]: [                                                              ]
[18:10:52] [Server thread/INFO] [minecraft/GameTestServer]: [                                                              ]
[18:10:52] [Server thread/INFO] [minecraft/GameTestServer]: [                                                              ]
[18:10:52] [Server thread/INFO] [minecraft/GameTestServer]: [                                                              ]
[18:10:52] [Server thread/INFO] [minecraft/GameTestServer]: [                                                              ]
[18:10:52] [Server thread/INFO] [minecraft/GameTestServer]: [                                                              ]
[18:10:52] [Server thread/INFO] [minecraft/GameTestServer]: [                                                              ]
[18:10:52] [Server thread/INFO] [minecraft/GameTestServer]: [                                                              ]
[18:10:52] [Server thread/INFO] [minecraft/GameTestServer]: [                                                              ]
[18:10:52] [Server thread/INFO] [minecraft/GameTestServer]: [                                                              ]
[18:10:52] [Server thread/INFO] [minecraft/GameTestServer]: [                                                              ]
[18:10:52] [Server thread/INFO] [minecraft/GameTestServer]: [                                                              ]
[18:10:52] [Server thread/INFO] [minecraft/GameTestServer]: [                                                              ]
[18:10:52] [Server thread/INFO] [minecraft/GameTestServer]: [                                                              ]
[18:10:52] [Server thread/INFO] [minecraft/GameTestServer]: [                                                              ]
[18:10:52] [Server thread/INFO] [minecraft/GameTestServer]: [                                                              ]
[18:10:52] [Server thread/INFO] [minecraft/GameTestServer]: [                                                              ]
[18:10:52] [Server thread/INFO] [minecraft/GameTestServer]: [                                                              ]
[18:10:52] [Server thread/INFO] [minecraft/GameTestServer]: [                                                              ]
[18:10:52] [Server thread/INFO] [minecraft/GameTestServer]: [                                                              ]
[18:10:52] [Server thread/INFO] [minecraft/GameTestServer]: [                                                              ]
[18:10:52] [Server thread/INFO] [minecraft/GameTestServer]: [                                                              ]
[18:10:52] [Server thread/INFO] [minecraft/GameTestServer]: [                                                              ]
[18:10:52] [Server thread/INFO] [minecraft/GameTestServer]: [                                                              ]
[18:10:52] [Server thread/INFO] [minecraft/GameTestServer]: [                                                              ]
[18:10:52] [Server thread/INFO] [minecraft/GameTestServer]: [                                                              ]
[18:10:52] [Server thread/INFO] [minecraft/GameTestServer]: [                                                              ]
[18:10:52] [Server thread/INFO] [minecraft/GameTestServer]: [                                                              ]
[18:10:52] [Server thread/INFO] [minecraft/GameTestServer]: [                                                              ]
[18:10:52] [Server thread/INFO] [minecraft/GameTestServer]: [                                                              ]
[18:10:52] [Server thread/INFO] [minecraft/GameTestServer]: [                                                              ]
[18:10:52] [Server thread/INFO] [minecraft/GameTestServer]: [                                                              ]
[18:10:52] [Server thread/INFO] [minecraft/GameTestServer]: [                                                              ]
[18:10:52] [Server thread/INFO] [minecraft/GameTestServer]: [                                                              ]
[18:10:52] [Server thread/INFO] [minecraft/GameTestServer]: [                                                              ]
[18:10:52] [Server thread/INFO] [minecraft/GameTestServer]: [                                                              ]
[18:10:52] [Server thread/INFO] [minecraft/GameTestServer]: [                                                              ]
[18:10:52] [Server thread/INFO] [minecraft/GameTestServer]: [                                                              ]
[18:10:52] [Server thread/INFO] [minecraft/GameTestServer]: [                                                              ]
[18:10:52] [Server thread/INFO] [minecraft/GameTestServer]: [                                                              ]
[18:10:52] [Server thread/INFO] [minecraft/GameTestServer]: [                                                              ]
[18:10:52] [Server thread/INFO] [minecraft/GameTestServer]: [                                                              ]
[18:10:52] [Server thread/INFO] [minecraft/GameTestServer]: [                                                              ]
[18:10:52] [Server thread/INFO] [minecraft/GameTestServer]: [                                                              ]
[18:10:52] [Server thread/INFO] [minecraft/GameTestServer]: [                                                              ]
[18:10:52] [Server thread/INFO] [minecraft/GameTestServer]: [                                                              ]
[18:10:52] [Server thread/INFO] [minecraft/GameTestServer]: [                                                              ]
[18:10:52] [Server thread/INFO] [minecraft/GameTestServer]: [                                                              ]
[18:10:52] [Server thread/INFO] [minecraft/GameTestServer]: [                                                              ]
[18:10:52] [Server thread/INFO] [minecraft/GameTestServer]: [                                                              ]
[18:10:52] [Server thread/INFO] [minecraft/GameTestServer]: [                                                              ]
[18:10:52] [Server thread/INFO] [minecraft/GameTestServer]: [                                                              ]
[18:10:52] [Server thread/INFO] [minecraft/GameTestServer]: [                                                              ]
[18:10:52] [Server thread/INFO] [minecraft/GameTestServer]: [                                                              ]
[18:10:52] [Server thread/INFO] [minecraft/GameTestServer]: [                                                              ]
[18:10:52] [Server thread/INFO] [minecraft/GameTestServer]: [                                                              ]
[18:10:52] [Server thread/INFO] [minecraft/GameTestServer]: [                                                              ]
[18:10:52] [Server thread/INFO] [minecraft/GameTestServer]: [                                                              ]
[18:10:52] [Server thread/INFO] [minecraft/GameTestServer]: [                                                              ]
[18:10:52] [Server thread/INFO] [minecraft/GameTestServer]: [                                                              ]
[18:10:52] [Server thread/INFO] [minecraft/GameTestServer]: [                                                              ]
[18:10:52] [Server thread/INFO] [minecraft/GameTestServer]: [                                                              ]
[18:10:52] [Server thread/INFO] [minecraft/GameTestServer]: [                                                              ]
[18:10:52] [Server thread/INFO] [minecraft/GameTestServer]: [                                                              ]
[18:10:52] [Server thread/INFO] [minecraft/GameTestServer]: [                                                              ]
[18:10:52] [Server thread/INFO] [minecraft/GameTestServer]: [                                                              ]
[18:10:52] [Server thread/INFO] [minecraft/GameTestServer]: [                                                              ]
[18:10:52] [Server thread/INFO] [minecraft/GameTestServer]: [                                                              ]
[18:10:52] [Server thread/INFO] [minecraft/GameTestServer]: [                                                              ]
[18:10:52] [Server thread/INFO] [minecraft/GameTestServer]: [                                                              ]
[18:10:52] [Server thread/INFO] [minecraft/GameTestServer]: [                                                              ]
[18:10:52] [Server thread/INFO] [minecraft/GameTestServer]: [                                                              ]
[18:10:52] [Server thread/INFO] [minecraft/GameTestServer]: [                                                              ]
[18:10:52] [Server thread/INFO] [minecraft/GameTestServer]: [                                                              ]
[18:10:52] [Server thread/INFO] [minecraft/GameTestServer]: [                                                              ]
[18:10:52] [Server thread/INFO] [minecraft/GameTestServer]: [                                                              ]
[18:10:52] [Server thread/INFO] [minecraft/GameTestServer]: [                                                              ]
[18:10:52] [Server thread/INFO] [minecraft/GameTestServer]: [                                                              ]
[18:10:52] [Server thread/INFO] [minecraft/GameTestServer]: [                                                              ]
[18:10:52] [Server thread/INFO] [minecraft/GameTestServer]: [                                                              ]
[18:10:52] [Server thread/INFO] [minecraft/GameTestServer]: [                                                              ]
[18:10:52] [Server thread/INFO] [minecraft/GameTestServer]: [                                                              ]
[18:10:52] [Server thread/INFO] [minecraft/GameTestServer]: [                                                              ]
[18:10:52] [Server thread/INFO] [minecraft/GameTestServer]: [                                                              ]
[18:10:52] [Server thread/INFO] [minecraft/GameTestServer]: [                                                              ]
[18:10:52] [Server thread/INFO] [minecraft/GameTestServer]: [                                                              ]
[18:10:52] [Server thread/INFO] [minecraft/GameTestServer]: [                                                              ]
[18:10:52] [Server thread/INFO] [minecraft/GameTestServer]: [                                                              ]
[18:10:52] [Server thread/INFO] [minecraft/GameTestServer]: [                                                              ]
[18:10:52] [Server thread/INFO] [minecraft/GameTestServer]: [                                                              ]
[18:10:52] [Server thread/INFO] [minecraft/GameTestServer]: [                                                              ]
[18:10:52] [Server thread/INFO] [minecraft/GameTestServer]: [                                                              ]
[18:10:52] [Server thread/INFO] [minecraft/GameTestServer]: [                                                              ]
[18:10:52] [Server thread/INFO] [minecraft/GameTestServer]: [                                                              ]
[18:10:52] [Server thread/INFO] [minecraft/GameTestServer]: [                                                              ]
[18:10:52] [Server thread/INFO] [minecraft/GameTestServer]: [                                                              ]
[18:10:52] [Server thread/INFO] [minecraft/GameTestServer]: [                                                              ]
[18:10:52] [Server thread/INFO] [minecraft/GameTestServer]: [                                                              ]
[18:10:52] [Server thread/INFO] [minecraft/GameTestServer]: [                                                              ]
[18:10:52] [Server thread/INFO] [minecraft/GameTestServer]: [                                                              ]
[18:10:52] [Server thread/INFO] [minecraft/GameTestServer]: [                                                              ]
[18:10:52] [Server thread/INFO] [minecraft/GameTestServer]: [                                                              ]
[18:10:52] [Server thread/INFO] [minecraft/GameTestServer]: [                                                              ]
[18:10:52] [Server thread/INFO] [minecraft/GameTestServer]: [                                                              ]
[18:10:52] [Server thread/INFO] [minecraft/GameTestServer]: [                                                              ]
[18:10:52] [Server thread/INFO] [minecraft/GameTestServer]: [                                                              ]
[18:10:52] [Server thread/INFO] [minecraft/GameTestServer]: [                                                              ]
[18:10:52] [Server thread/INFO] [minecraft/GameTestServer]: [                                                              ]
[18:10:52] [Server thread/INFO] [minecraft/GameTestServer]: [                                                              ]
[18:10:52] [Server thread/INFO] [minecraft/GameTestServer]: [                                                              ]
[18:10:52] [Server thread/INFO] [minecraft/GameTestServer]: [                                                              ]
[18:10:52] [Server thread/INFO] [minecraft/GameTestServer]: [                                                              ]
[18:10:52] [Server thread/INFO] [minecraft/GameTestServer]: [                                                              ]
[18:10:52] [Server thread/INFO] [minecraft/GameTestServer]: [                                                              ]
[18:10:52] [Server thread/INFO] [minecraft/GameTestServer]: [                                                              ]
[18:10:52] [Server thread/INFO] [minecraft/GameTestServer]: [                                                              ]
[18:10:52] [Server thread/INFO] [minecraft/GameTestServer]: [                                                              ]
[18:10:52] [Server thread/INFO] [minecraft/GameTestServer]: [                                                              ]
[18:10:52] [Server thread/INFO] [minecraft/GameTestServer]: [                                                              ]
[18:10:52] [Server thread/INFO] [minecraft/GameTestServer]: [                                                              ]
[18:10:52] [Server thread/INFO] [minecraft/GameTestServer]: [                                                              ]
[18:10:52] [Server thread/INFO] [minecraft/GameTestServer]: [                                                              ]
[18:10:52] [Server thread/INFO] [minecraft/GameTestServer]: [                                                              ]
[18:10:52] [Server thread/INFO] [minecraft/GameTestServer]: [                                                              ]
[18:10:52] [Server thread/INFO] [minecraft/GameTestServer]: [                                                              ]
[18:10:52] [Server thread/INFO] [minecraft/GameTestServer]: [                                                              ]
[18:10:52] [Server thread/INFO] [minecraft/GameTestServer]: [                                                              ]
[18:10:52] [Server thread/INFO] [minecraft/GameTestServer]: [                                                              ]
[18:10:52] [Server thread/INFO] [minecraft/GameTestServer]: [                                                              ]
[18:10:52] [Server thread/INFO] [minecraft/GameTestServer]: [                                                              ]
[18:10:52] [Server thread/INFO] [minecraft/GameTestServer]: [                                                              ]
[18:10:52] [Server thread/INFO] [minecraft/GameTestServer]: [                                                              ]
[18:10:52] [Server thread/INFO] [minecraft/GameTestServer]: [                                                              ]
[18:10:52] [Server thread/INFO] [minecraft/GameTestServer]: [                                                              ]
[18:10:52] [Server thread/INFO] [minecraft/GameTestServer]: [                                                              ]
[18:10:52] [Server thread/INFO] [minecraft/GameTestServer]: [                                                              ]
[18:10:52] [Server thread/INFO] [minecraft/GameTestServer]: [                                                              ]
[18:10:52] [Server thread/INFO] [minecraft/GameTestServer]: [                                                              ]
[18:10:52] [Server thread/INFO] [minecraft/GameTestServer]: [                                                              ]
[18:10:52] [Server thread/INFO] [minecraft/GameTestServer]: [                                                              ]
[18:10:52] [Server thread/INFO] [minecraft/GameTestServer]: [                                                              ]
[18:10:52] [Server thread/INFO] [minecraft/GameTestServer]: [                                                              ]
[18:10:52] [Server thread/INFO] [minecraft/GameTestServer]: [                                                              ]
[18:10:52] [Server thread/INFO] [minecraft/GameTestServer]: [                                                              ]
[18:10:52] [Server thread/INFO] [minecraft/GameTestServer]: [                                                              ]
[18:10:52] [Server thread/INFO] [minecraft/GameTestServer]: [                                                              ]
[18:10:52] [Server thread/INFO] [minecraft/GameTestServer]: [                                                              ]
[18:10:52] [Server thread/INFO] [minecraft/GameTestServer]: [                                                              ]
[18:10:52] [Server thread/INFO] [minecraft/GameTestServer]: [                                                              ]
[18:10:52] [Server thread/INFO] [minecraft/GameTestServer]: [                                                              ]
[18:10:52] [Server thread/INFO] [minecraft/GameTestServer]: [                                                              ]
[18:10:52] [Server thread/INFO] [minecraft/GameTestServer]: [                                                              ]
[18:10:52] [Server thread/INFO] [minecraft/GameTestServer]: [                                                              ]
[18:10:52] [Server thread/INFO] [minecraft/GameTestServer]: [                                                              ]
[18:10:52] [Server thread/INFO] [minecraft/GameTestServer]: [                                                              ]
[18:10:52] [Server thread/INFO] [minecraft/GameTestServer]: [                                                              ]
[18:10:52] [Server thread/INFO] [minecraft/GameTestServer]: [                                                              ]
[18:10:52] [Server thread/INFO] [minecraft/GameTestServer]: [                                                              ]
[18:10:52] [Server thread/INFO] [minecraft/GameTestServer]: [                                                              ]
[18:10:52] [Server thread/INFO] [minecraft/GameTestServer]: [                                                              ]
[18:10:52] [Server thread/INFO] [minecraft/GameTestServer]: [                                                              ]
[18:10:52] [Server thread/INFO] [minecraft/GameTestServer]: [                                                              ]
[18:10:52] [Server thread/INFO] [minecraft/GameTestServer]: [                                                              ]
[18:10:52] [Server thread/INFO] [minecraft/GameTestServer]: [                                                              ]
[18:10:52] [Server thread/INFO] [minecraft/GameTestServer]: [                                                              ]
[18:10:52] [Server thread/INFO] [minecraft/GameTestServer]: [                                                              ]
[18:10:52] [Server thread/INFO] [minecraft/GameTestServer]: [                                                              ]
[18:10:52] [Server thread/INFO] [minecraft/GameTestServer]: [                                                              ]
[18:10:52] [Server thread/INFO] [minecraft/GameTestServer]: [                                                              ]
[18:10:52] [Server thread/INFO] [minecraft/GameTestServer]: [                                                              ]
[18:10:52] [Server thread/INFO] [minecraft/GameTestServer]: [                                                              ]
[18:10:52] [Server thread/INFO] [minecraft/GameTestServer]: [                                                              ]
[18:10:52] [Server thread/INFO] [minecraft/GameTestServer]: [                                                              ]
[18:10:52] [Server thread/INFO] [minecraft/GameTestServer]: [                                                              ]
[18:10:52] [Server thread/INFO] [minecraft/GameTestServer]: [                                                              ]
[18:10:52] [Server thread/INFO] [minecraft/GameTestServer]: [                                                              ]
[18:10:52] [Server thread/INFO] [minecraft/GameTestServer]: [                                                              ]
[18:10:52] [Server thread/INFO] [minecraft/GameTestServer]: [                                                              ]
[18:10:52] [Server thread/INFO] [minecraft/GameTestServer]: [                                                              ]
[18:10:52] [Server thread/INFO] [minecraft/GameTestServer]: [                                                              ]
[18:10:52] [Server thread/INFO] [minecraft/GameTestServer]: [                                                              ]
[18:10:52] [Server thread/INFO] [minecraft/GameTestServer]: [                                                              ]
[18:10:52] [Server thread/INFO] [minecraft/GameTestServer]: [                                                              ]
[18:10:52] [Server thread/INFO] [minecraft/GameTestServer]: [                                                              ]
[18:10:52] [Server thread/INFO] [minecraft/GameTestServer]: [                                                              ]
[18:10:52] [Server thread/INFO] [minecraft/GameTestServer]: [                                                              ]
[18:10:52] [Server thread/INFO] [minecraft/GameTestServer]: [                                                              ]
[18:10:52] [Server thread/INFO] [minecraft/GameTestServer]: [                                                              ]
[18:10:52] [Server thread/INFO] [minecraft/GameTestServer]: [                                                              ]
[18:10:52] [Server thread/INFO] [minecraft/GameTestServer]: [                                                              ]
[18:10:52] [Server thread/INFO] [minecraft/GameTestServer]: [                                                              ]
[18:10:52] [Server thread/INFO] [minecraft/GameTestServer]: [                                                              ]
[18:10:52] [Server thread/INFO] [minecraft/GameTestServer]: [                                                              ]
[18:10:52] [Server thread/INFO] [minecraft/GameTestServer]: [                                                              ]
[18:10:52] [Server thread/INFO] [minecraft/GameTestServer]: [                                                              ]
[18:10:52] [Server thread/INFO] [minecraft/GameTestServer]: [                                                              ]
[18:10:52] [Server thread/INFO] [minecraft/GameTestServer]: [                                                              ]
[18:10:52] [Server thread/INFO] [minecraft/GameTestServer]: [                                                              ]
[18:10:52] [Server thread/INFO] [minecraft/GameTestServer]: [                                                              ]
[18:10:52] [Server thread/INFO] [minecraft/GameTestServer]: [                                                              ]
[18:10:52] [Server thread/INFO] [minecraft/GameTestServer]: [                                                              ]
[18:10:52] [Server thread/INFO] [minecraft/GameTestServer]: [                                                              ]
[18:10:52] [Server thread/INFO] [minecraft/GameTestServer]: [                                                              ]
[18:10:52] [Server thread/INFO] [minecraft/GameTestServer]: [                                                              ]
[18:10:52] [Server thread/INFO] [minecraft/GameTestServer]: [                                                              ]
[18:10:52] [Server thread/INFO] [minecraft/GameTestServer]: [                                                              ]
[18:10:53] [Server thread/INFO] [minecraft/GameTestServer]: [_                                                             ]
[18:10:53] [Server thread/INFO] [minecraft/GameTestRunner]: Running test environment 'dndturn:navigation_regressions' batch 0 (1 tests)...
[18:10:53] [Server thread/INFO] [minecraft/GameTestServer]: [+_                                                            ]
[18:10:53] [Server thread/INFO] [minecraft/GameTestServer]: [+_                                                            ]
[18:10:53] [Server thread/INFO] [minecraft/PlayerList]: tactical-test[embedded] logged in with entity id 82 at (0.0, 0.0, 0.0)
[18:10:53] [Server thread/INFO] [minecraft/MinecraftServer]: tactical-test joined the game
[18:10:53] [Server thread/INFO] [minecraft/GameTestRunner]: Running test environment 'dndturn:native_melee' batch 0 (1 tests)...
[18:10:53] [Server thread/INFO] [minecraft/GameTestServer]: [++                                                            ]
[18:10:53] [Server thread/INFO] [minecraft/GameTestServer]: [++                                                            ]
[18:10:53] [Server thread/INFO] [minecraft/GameTestServer]: [++                                                            ]
[18:10:53] [Server thread/INFO] [minecraft/GameTestServer]: [++                                                            ]
[18:10:53] [Server thread/INFO] [minecraft/GameTestServer]: [++                                                            ]
[18:10:54] [Server thread/INFO] [minecraft/PlayerList]: tactical-test[embedded] logged in with entity id 84 at (0.0, 0.0, 0.0)
[18:10:54] [Server thread/INFO] [minecraft/MinecraftServer]: tactical-test joined the game
[18:10:54] [Server thread/INFO] [minecraft/GameTestServer]: [++_                                                           ]
[18:10:54] [Server thread/INFO] [minecraft/GameTestRunner]: Running test environment 'dndturn:player_only_start' batch 0 (1 tests)...
[18:10:54] [Server thread/INFO] [minecraft/GameTestServer]: [+++                                                           ]
[18:10:54] [Server thread/INFO] [minecraft/PlayerList]: test-mock-player[embedded] logged in with entity id 86 at (0.0, 0.0, 0.0)
[18:10:54] [Server thread/INFO] [minecraft/MinecraftServer]: test-mock-player joined the game
[18:10:54] [Server thread/INFO] [minecraft/GameTestServer]: [+++_                                                          ]
[18:10:54] [Server thread/INFO] [minecraft/GameTestServer]: [+++_                                                          ]
[18:10:54] [Server thread/INFO] [minecraft/GameTestServer]: [+++_                                                          ]
[18:10:54] [Server thread/INFO] [minecraft/GameTestRunner]: Running test environment 'dndturn:movement_lease_exit' batch 0 (1 tests)...
[18:10:54] [Server thread/INFO] [minecraft/GameTestServer]: [++++_                                                         ]
[18:10:54] [Server thread/INFO] [minecraft/GameTestServer]: [++++_                                                         ]
[18:10:54] [Server thread/INFO] [minecraft/PlayerList]: test-mock-player[embedded] logged in with entity id 87 at (0.0, 0.0, 0.0)
[18:10:54] [Server thread/INFO] [minecraft/MinecraftServer]: test-mock-player joined the game
[18:10:54] [Server thread/INFO] [minecraft/GameTestRunner]: Running test environment 'dndturn:environment_domains' batch 0 (1 tests)...
[18:10:54] [Server thread/INFO] [minecraft/GameTestServer]: [+++++                                                         ]
[18:10:54] [Server thread/INFO] [minecraft/GameTestServer]: [+++++                                                         ]
[18:10:55] [Server thread/INFO] [minecraft/PlayerList]: test-mock-player[embedded] logged in with entity id 89 at (0.0, 0.0, 0.0)
[18:10:55] [Server thread/INFO] [minecraft/MinecraftServer]: test-mock-player joined the game
[18:10:55] [Server thread/INFO] [minecraft/PlayerList]: test-mock-player[embedded] logged in with entity id 90 at (0.0, 0.0, 0.0)
[18:10:55] [Server thread/INFO] [minecraft/MinecraftServer]: test-mock-player joined the game
[18:10:55] [Server thread/INFO] [minecraft/GameTestServer]: [+++++_                                                        ]
[18:10:55] [Server thread/WARN] [cc.si.dn.co.EnvironmentExplosion/]: ENVIRONMENT_DOMAIN_MISMATCH step=702ffcb9-5082-4cf2-8a6c-4cb13ac48b9c source=611622c7-5ae7-4502-9a26-982f3527e562 rejectedEntities=1 rejectedBlocks=5
[18:10:55] [Server thread/INFO] [minecraft/GameTestRunner]: Running test environment 'dndturn:environment_processes' batch 0 (1 tests)...
[18:10:55] [Server thread/INFO] [minecraft/GameTestServer]: [++++++                                                        ]
[18:10:55] [Server thread/INFO] [minecraft/PlayerList]: test-mock-player[embedded] logged in with entity id 96 at (0.0, 0.0, 0.0)
[18:10:55] [Server thread/INFO] [minecraft/MinecraftServer]: test-mock-player joined the game
[18:10:55] [Server thread/INFO] [minecraft/GameTestServer]: [++++++_                                                       ]
[18:10:55] [Server thread/INFO] [minecraft/GameTestServer]: [++++++_                                                       ]
[18:10:55] [Server thread/INFO] [minecraft/GameTestRunner]: Running test environment 'dndturn:environment_tnt' batch 0 (1 tests)...
[18:10:55] [Server thread/INFO] [minecraft/PlayerList]: test-mock-player[embedded] logged in with entity id 100 at (0.0, 0.0, 0.0)
[18:10:55] [Server thread/INFO] [minecraft/MinecraftServer]: test-mock-player joined the game
[18:10:55] [Server thread/INFO] [minecraft/GameTestServer]: [+++++++_                                                      ]
[18:10:55] [Server thread/INFO] [minecraft/GameTestServer]: [+++++++_                                                      ]
[18:10:55] [Server thread/INFO] [minecraft/GameTestServer]: [+++++++_                                                      ]
[18:10:55] [Server thread/INFO] [minecraft/GameTestServer]: [+++++++_                                                      ]
[18:10:55] [Server thread/INFO] [minecraft/GameTestServer]: [+++++++_                                                      ]
[18:10:55] [Server thread/INFO] [minecraft/GameTestServer]: [+++++++_                                                      ]
[18:10:55] [Server thread/INFO] [minecraft/GameTestServer]: [+++++++_                                                      ]
[18:10:55] [Server thread/INFO] [minecraft/GameTestServer]: [+++++++_                                                      ]
[18:10:55] [Server thread/INFO] [minecraft/GameTestServer]: [+++++++_                                                      ]
[18:10:55] [Server thread/INFO] [minecraft/GameTestRunner]: Running test environment 'dndturn:environment_clock' batch 0 (1 tests)...
[18:10:55] [Server thread/INFO] [minecraft/GameTestServer]: [++++++++                                                      ]
[18:10:56] [Server thread/INFO] [minecraft/PlayerList]: test-mock-player[embedded] logged in with entity id 106 at (0.0, 0.0, 0.0)
[18:10:56] [Server thread/INFO] [minecraft/MinecraftServer]: test-mock-player joined the game
[18:10:56] [Server thread/INFO] [minecraft/GameTestServer]: [++++++++_                                                     ]
[18:10:56] [Server thread/INFO] [minecraft/GameTestServer]: [++++++++_                                                     ]
[18:10:56] [Server thread/INFO] [minecraft/GameTestServer]: [++++++++_                                                     ]
[18:10:56] [Server thread/INFO] [minecraft/GameTestServer]: [++++++++_                                                     ]
[18:10:56] [Server thread/INFO] [minecraft/GameTestServer]: [++++++++_                                                     ]
[18:10:56] [Server thread/INFO] [minecraft/GameTestServer]: [++++++++_                                                     ]
[18:10:56] [Server thread/INFO] [minecraft/GameTestRunner]: Running test environment 'dndturn:scheduled_tick_hold' batch 0 (1 tests)...
[18:10:56] [Server thread/INFO] [minecraft/GameTestServer]: [+++++++++_                                                    ]
[18:10:56] [Server thread/INFO] [minecraft/PlayerList]: test-mock-player[embedded] logged in with entity id 107 at (0.0, 0.0, 0.0)
[18:10:56] [Server thread/INFO] [minecraft/MinecraftServer]: test-mock-player joined the game
[18:10:56] [Server thread/INFO] [minecraft/GameTestRunner]: Running test environment 'dndturn:merge_world_boundary' batch 0 (1 tests)...
[18:10:56] [Server thread/INFO] [minecraft/GameTestServer]: [++++++++++                                                    ]
[18:10:56] [Server thread/INFO] [minecraft/PlayerList]: test-mock-player[embedded] logged in with entity id 109 at (0.0, 0.0, 0.0)
[18:10:56] [Server thread/INFO] [minecraft/MinecraftServer]: test-mock-player joined the game
[18:10:56] [Server thread/INFO] [minecraft/PlayerList]: test-mock-player[embedded] logged in with entity id 110 at (0.0, 0.0, 0.0)
[18:10:56] [Server thread/INFO] [minecraft/MinecraftServer]: test-mock-player joined the game
[18:10:56] [Server thread/INFO] [minecraft/GameTestRunner]: Running test environment 'dndturn:environment_circuits' batch 0 (1 tests)...
[18:10:56] [Server thread/INFO] [minecraft/PlayerList]: test-mock-player[embedded] logged in with entity id 113 at (0.0, 0.0, 0.0)
[18:10:56] [Server thread/INFO] [minecraft/MinecraftServer]: test-mock-player joined the game
[18:10:56] [Server thread/INFO] [minecraft/GameTestServer]: [+++++++++++_                                                  ]
[18:10:56] [Server thread/INFO] [minecraft/GameTestServer]: [+++++++++++_                                                  ]
[18:10:56] [Server thread/INFO] [minecraft/GameTestServer]: [+++++++++++_                                                  ]
[18:10:56] [Server thread/INFO] [minecraft/GameTestServer]: [+++++++++++_                                                  ]
[18:10:56] [Server thread/INFO] [minecraft/GameTestServer]: [+++++++++++_                                                  ]
[18:10:56] [Server thread/INFO] [minecraft/GameTestServer]: [+++++++++++_                                                  ]
[18:10:56] [Server thread/INFO] [minecraft/GameTestServer]: [+++++++++++_                                                  ]
[18:10:56] [Server thread/INFO] [minecraft/GameTestServer]: [+++++++++++_                                                  ]
[18:10:56] [Server thread/INFO] [minecraft/GameTestServer]: [+++++++++++_                                                  ]
[18:10:56] [Server thread/INFO] [minecraft/GameTestRunner]: Running test environment 'dndturn:tactical_snowball' batch 0 (1 tests)...
[18:10:56] [Server thread/INFO] [minecraft/GameTestServer]: [++++++++++++_                                                 ]
[18:10:56] [Server thread/INFO] [minecraft/GameTestServer]: [++++++++++++_                                                 ]
[18:10:56] [Server thread/INFO] [minecraft/GameTestServer]: [++++++++++++_                                                 ]
[18:10:56] [Server thread/INFO] [minecraft/PlayerList]: test-mock-player[embedded] logged in with entity id 115 at (0.0, 0.0, 0.0)
[18:10:56] [Server thread/INFO] [minecraft/MinecraftServer]: test-mock-player joined the game
[18:10:57] [Server thread/INFO] [minecraft/GameTestServer]: [++++++++++++_                                                 ]
[18:10:57] [Server thread/INFO] [minecraft/GameTestRunner]: Running test environment 'minecraft:default' batch 0 (21 tests)...
[18:10:57] [Server thread/INFO] [minecraft/PlayerList]: test-mock-player[embedded] logged in with entity id 118 at (0.0, 0.0, 0.0)
[18:10:57] [Server thread/INFO] [minecraft/MinecraftServer]: test-mock-player joined the game
[18:10:57] [Server thread/INFO] [minecraft/MinecraftServer]: test-mock-player has made the advancement [Monster Hunter]
[18:10:57] [Server thread/INFO] [minecraft/PlayerList]: test-mock-player[embedded] logged in with entity id 124 at (0.0, 0.0, 0.0)
[18:10:57] [Server thread/INFO] [minecraft/MinecraftServer]: test-mock-player joined the game
[18:10:57] [Server thread/INFO] [minecraft/PlayerList]: candidate-review-player[embedded] logged in with entity id 126 at (0.0, 0.0, 0.0)
[18:10:57] [Server thread/INFO] [minecraft/MinecraftServer]: candidate-review-player joined the game
[18:10:57] [Server thread/INFO] [minecraft/PlayerList]: test-mock-player[embedded] logged in with entity id 129 at (0.0, 0.0, 0.0)
[18:10:57] [Server thread/INFO] [minecraft/MinecraftServer]: test-mock-player joined the game
[18:10:57] [Server thread/INFO] [minecraft/PlayerList]: exit-test-player[embedded] logged in with entity id 133 at (0.0, 0.0, 0.0)
[18:10:57] [Server thread/INFO] [minecraft/MinecraftServer]: exit-test-player joined the game
[18:10:57] [Server thread/INFO] [minecraft/PlayerList]: exit-test-player[embedded] logged in with entity id 135 at (0.0, 0.0, 0.0)
[18:10:57] [Server thread/INFO] [minecraft/MinecraftServer]: exit-test-player joined the game
[18:10:57] [Server thread/INFO] [minecraft/PlayerList]: tactical-test[embedded] logged in with entity id 136 at (0.0, 0.0, 0.0)
[18:10:57] [Server thread/INFO] [minecraft/MinecraftServer]: tactical-test joined the game
[18:10:57] [Server thread/INFO] [minecraft/PlayerList]: test-mock-player[embedded] logged in with entity id 140 at (0.0, 0.0, 0.0)
[18:10:57] [Server thread/INFO] [minecraft/MinecraftServer]: test-mock-player joined the game
[18:10:57] [Server thread/INFO] [minecraft/PlayerList]: test-mock-player[embedded] logged in with entity id 142 at (0.0, 0.0, 0.0)
[18:10:57] [Server thread/INFO] [minecraft/MinecraftServer]: test-mock-player joined the game
[18:10:58] [Server thread/INFO] [minecraft/PlayerList]: test-mock-player[embedded] logged in with entity id 144 at (0.0, 0.0, 0.0)
[18:10:58] [Server thread/INFO] [minecraft/MinecraftServer]: test-mock-player joined the game
[18:10:58] [Server thread/INFO] [minecraft/PlayerList]: test-mock-player[embedded] logged in with entity id 145 at (0.0, 0.0, 0.0)
[18:10:58] [Server thread/INFO] [minecraft/MinecraftServer]: test-mock-player joined the game
[18:10:58] [Server thread/ERROR] [cc.si.dn.co.ServerCombatService/]: Combat save cannot be safely restored; preserving it and disabling new encounters
java.lang.IllegalArgumentException: active encounter lacks captured settings or session sequence
	at TRANSFORMER/dndturn@1.0.0-SNAPSHOT/cc.sighs.dndturn.combat.CombatRecoveryCandidate.validate(CombatRecoveryCandidate.java:13) ~[main/:?] {}
	at TRANSFORMER/dndturn@1.0.0-SNAPSHOT/cc.sighs.dndturn.combat.ServerCombatService.<init>(ServerCombatService.java:298) [main/:?] {}
	at TRANSFORMER/dndturn@1.0.0-SNAPSHOT/cc.sighs.dndturn.combat.ServerCombatService.restoreForGameTest(ServerCombatService.java:384) [main/:?] {}
	at TRANSFORMER/dndturn@1.0.0-SNAPSHOT/cc.sighs.dndturn.gametest.RepairGameTests.values(RepairGameTests.java:124) [main/:?] {}
	at TRANSFORMER/minecraft@26.1.2/net.minecraft.gametest.framework.FunctionGameTestInstance.run(FunctionGameTestInstance.java:34) [minecraft-patched-26.1.2.84.jar:?] {}
	at TRANSFORMER/minecraft@26.1.2/net.minecraft.gametest.framework.GameTestInfo.startTest(GameTestInfo.java:163) [minecraft-patched-26.1.2.84.jar:?] {neoforge:access_transformer}
	at TRANSFORMER/minecraft@26.1.2/net.minecraft.gametest.framework.GameTestInfo.tickInternal(GameTestInfo.java:119) [minecraft-patched-26.1.2.84.jar:?] {neoforge:access_transformer}
	at TRANSFORMER/minecraft@26.1.2/net.minecraft.gametest.framework.GameTestInfo.tick(GameTestInfo.java:104) [minecraft-patched-26.1.2.84.jar:?] {neoforge:access_transformer}
	at TRANSFORMER/minecraft@26.1.2/net.minecraft.gametest.framework.GameTestTicker.lambda$tick$0(GameTestTicker.java:47) [minecraft-patched-26.1.2.84.jar:?] {}
	at java.base/java.util.concurrent.CopyOnWriteArrayList.forEach(CopyOnWriteArrayList.java:905) [?:?] {}
	at TRANSFORMER/minecraft@26.1.2/net.minecraft.gametest.framework.GameTestTicker.tick(GameTestTicker.java:47) [minecraft-patched-26.1.2.84.jar:?] {}
	at TRANSFORMER/minecraft@26.1.2/net.minecraft.server.MinecraftServer.tickChildren(MinecraftServer.java:1171) [minecraft-patched-26.1.2.84.jar:?] {neoforge:access_transformer,neoforge:access_transformer,neoforge:mixin[APP:dndturn.mixins.json:MinecraftServerWorldTickBoundaryMixin from mod dndturn]}
	at TRANSFORMER/minecraft@26.1.2/net.minecraft.server.MinecraftServer.tickServer(MinecraftServer.java:1003) [minecraft-patched-26.1.2.84.jar:?] {neoforge:access_transformer,neoforge:access_transformer,neoforge:mixin[APP:dndturn.mixins.json:MinecraftServerWorldTickBoundaryMixin from mod dndturn]}
	at TRANSFORMER/minecraft@26.1.2/net.minecraft.gametest.framework.GameTestServer.tickServer(GameTestServer.java:255) [minecraft-patched-26.1.2.84.jar:?] {}
	at TRANSFORMER/minecraft@26.1.2/net.minecraft.server.MinecraftServer.processPacketsAndTick(MinecraftServer.java:1035) [minecraft-patched-26.1.2.84.jar:?] {neoforge:access_transformer,neoforge:access_transformer,neoforge:mixin[APP:dndturn.mixins.json:MinecraftServerWorldTickBoundaryMixin from mod dndturn]}
	at TRANSFORMER/minecraft@26.1.2/net.minecraft.server.MinecraftServer.runServer(MinecraftServer.java:776) [minecraft-patched-26.1.2.84.jar:?] {neoforge:access_transformer,neoforge:access_transformer,neoforge:mixin[APP:dndturn.mixins.json:MinecraftServerWorldTickBoundaryMixin from mod dndturn]}
	at TRANSFORMER/minecraft@26.1.2/net.minecraft.server.MinecraftServer.lambda$spin$0(MinecraftServer.java:300) [minecraft-patched-26.1.2.84.jar:?] {neoforge:access_transformer,neoforge:access_transformer,neoforge:mixin[APP:dndturn.mixins.json:MinecraftServerWorldTickBoundaryMixin from mod dndturn]}
	at java.base/java.lang.Thread.run(Thread.java:1474) [?:?] {}
[18:10:58] [Server thread/INFO] [minecraft/PlayerList]: test-mock-player[embedded] logged in with entity id 153 at (0.0, 0.0, 0.0)
[18:10:58] [Server thread/INFO] [minecraft/MinecraftServer]: test-mock-player joined the game
[18:10:58] [Server thread/WARN] [cc.si.dn.co.ServerCombatService/]: Restored encounter 9f916bca-e85e-47e8-9bfe-db3e8ca1a02c released: membersPresent=false unknownOperations=1
[18:10:58] [Server thread/INFO] [minecraft/PlayerList]: test-mock-player[embedded] logged in with entity id 155 at (0.0, 0.0, 0.0)
[18:10:58] [Server thread/INFO] [minecraft/MinecraftServer]: test-mock-player joined the game
[18:10:58] [Server thread/INFO] [minecraft/PlayerList]: test-mock-player[embedded] logged in with entity id 159 at (0.0, 0.0, 0.0)
[18:10:58] [Server thread/INFO] [minecraft/MinecraftServer]: test-mock-player joined the game
[18:10:58] [Server thread/INFO] [minecraft/PlayerList]: test-mock-player[embedded] logged in with entity id 161 at (0.0, 0.0, 0.0)
[18:10:58] [Server thread/INFO] [minecraft/MinecraftServer]: test-mock-player joined the game
[18:10:58] [Server thread/INFO] [minecraft/GameTestServer]: [+++++++++++++++++++++++++_++_+_+++                            ]
[18:10:58] [Server thread/INFO] [minecraft/PlayerList]: test-mock-player[embedded] logged in with entity id 167 at (0.0, 0.0, 0.0)
[18:10:58] [Server thread/INFO] [minecraft/MinecraftServer]: test-mock-player joined the game
[18:10:58] [Server thread/INFO] [minecraft/GameTestServer]: [+++++++++++++++++++++++++_++_+++++                            ]
[18:10:58] [Server thread/INFO] [minecraft/GameTestServer]: [+++++++++++++++++++++++++_++_+++++                            ]
[18:10:58] [Server thread/INFO] [minecraft/GameTestServer]: [++++++++++++++++++++++++++++_+++++                            ]
[18:10:58] [Server thread/INFO] [minecraft/GameTestServer]: [++++++++++++++++++++++++++++_+++++                            ]
[18:10:58] [Server thread/INFO] [minecraft/GameTestServer]: [++++++++++++++++++++++++++++_+++++                            ]
[18:10:58] [Server thread/INFO] [minecraft/GameTestServer]: [++++++++++++++++++++++++++++_+++++                            ]
[18:10:58] [Server thread/INFO] [minecraft/GameTestServer]: [++++++++++++++++++++++++++++_+++++                            ]
[18:10:58] [Server thread/INFO] [minecraft/GameTestRunner]: Running test environment 'dndturn:action_preview' batch 0 (1 tests)...
[18:10:59] [Server thread/INFO] [minecraft/PlayerList]: tactical-test[embedded] logged in with entity id 168 at (0.0, 0.0, 0.0)
[18:10:59] [Server thread/INFO] [minecraft/MinecraftServer]: tactical-test joined the game
[18:10:59] [Server thread/INFO] [minecraft/GameTestServer]: [++++++++++++++++++++++++++++++++++_                           ]
action_preview flat A*: slices=4, charged probes=73
[18:10:59] [Server thread/INFO] [minecraft/MinecraftServer]: tactical-test has made the advancement [Take Aim]
[18:10:59] [Server thread/INFO] [minecraft/GameTestRunner]: Running test environment 'dndturn:participant_fire' batch 0 (1 tests)...
[18:10:59] [Server thread/INFO] [minecraft/PlayerList]: tactical-test[embedded] logged in with entity id 176 at (0.0, 0.0, 0.0)
[18:10:59] [Server thread/INFO] [minecraft/MinecraftServer]: tactical-test joined the game
[18:10:59] [Server thread/INFO] [minecraft/GameTestServer]: [+++++++++++++++++++++++++++++++++++_                          ]
[18:10:59] [Server thread/INFO] [minecraft/GameTestServer]: [+++++++++++++++++++++++++++++++++++_                          ]
[18:10:59] [Server thread/INFO] [minecraft/GameTestRunner]: Running test environment 'dndturn:body_control' batch 0 (1 tests)...
[18:11:00] [Server thread/INFO] [minecraft/PlayerList]: tactical-test[embedded] logged in with entity id 178 at (0.0, 0.0, 0.0)
[18:11:00] [Server thread/INFO] [minecraft/MinecraftServer]: tactical-test joined the game
[18:11:00] [Server thread/INFO] [minecraft/GameTestServer]: [++++++++++++++++++++++++++++++++++++_                         ]
[18:11:00] [Server thread/INFO] [minecraft/GameTestServer]: [++++++++++++++++++++++++++++++++++++_                         ]
[18:11:00] [Server thread/INFO] [minecraft/GameTestRunner]: Running test environment 'dndturn:restart_history' batch 0 (1 tests)...
[18:11:00] [Server thread/INFO] [minecraft/GameTestServer]: [+++++++++++++++++++++++++++++++++++++                         ]
[18:11:00] [Server thread/INFO] [minecraft/PlayerList]: tactical-test[embedded] logged in with entity id 183 at (0.0, 0.0, 0.0)
[18:11:00] [Server thread/INFO] [minecraft/MinecraftServer]: tactical-test joined the game
[18:11:00] [Server thread/INFO] [minecraft/GameTestServer]: [+++++++++++++++++++++++++++++++++++++_                        ]
DNDTURN_RESTART_WRITE_READY encounter=8913e1e4-d195-4e5d-ab57-47557f8f5388 operation=2aa36c7d-efec-4390-a965-14089d3f3d96
[18:11:00] [Server thread/INFO] [minecraft/GameTestRunner]: Running test environment 'dndturn:participant_effects' batch 0 (1 tests)...
[18:11:01] [Server thread/INFO] [minecraft/PlayerList]: tactical-test[embedded] logged in with entity id 184 at (0.0, 0.0, 0.0)
[18:11:01] [Server thread/INFO] [minecraft/MinecraftServer]: tactical-test joined the game
[18:11:01] [Server thread/INFO] [minecraft/GameTestServer]: [++++++++++++++++++++++++++++++++++++++_                       ]
[18:11:01] [Server thread/INFO] [minecraft/GameTestServer]: [++++++++++++++++++++++++++++++++++++++_                       ]
[18:11:01] [Server thread/INFO] [minecraft/GameTestServer]: [++++++++++++++++++++++++++++++++++++++_                       ]
[18:11:01] [Server thread/INFO] [minecraft/GameTestServer]: [++++++++++++++++++++++++++++++++++++++_                       ]
[18:11:01] [Server thread/INFO] [minecraft/GameTestServer]: [++++++++++++++++++++++++++++++++++++++_                       ]
[18:11:01] [Server thread/INFO] [minecraft/GameTestServer]: [++++++++++++++++++++++++++++++++++++++_                       ]
[18:11:01] [Server thread/INFO] [minecraft/GameTestServer]: [++++++++++++++++++++++++++++++++++++++_                       ]
[18:11:01] [Server thread/INFO] [minecraft/GameTestServer]: [++++++++++++++++++++++++++++++++++++++_                       ]
[18:11:01] [Server thread/INFO] [minecraft/GameTestServer]: [++++++++++++++++++++++++++++++++++++++_                       ]
[18:11:01] [Server thread/INFO] [minecraft/GameTestServer]: [++++++++++++++++++++++++++++++++++++++_                       ]
[18:11:01] [Server thread/INFO] [minecraft/GameTestServer]: [++++++++++++++++++++++++++++++++++++++_                       ]
[18:11:01] [Server thread/INFO] [minecraft/GameTestServer]: [++++++++++++++++++++++++++++++++++++++_                       ]
[18:11:01] [Server thread/INFO] [minecraft/GameTestServer]: [++++++++++++++++++++++++++++++++++++++_                       ]
[18:11:01] [Server thread/INFO] [minecraft/GameTestServer]: [++++++++++++++++++++++++++++++++++++++_                       ]
[18:11:01] [Server thread/INFO] [minecraft/MinecraftServer]: tactical-test withered away
[18:11:01] [Server thread/INFO] [minecraft/GameTestRunner]: Running test environment 'dndturn:merge_discovery_expansion' batch 0 (1 tests)...
[18:11:01] [Server thread/INFO] [minecraft/GameTestServer]: [+++++++++++++++++++++++++++++++++++++++_                      ]
[18:11:01] [Server thread/INFO] [minecraft/PlayerList]: test-mock-player[embedded] logged in with entity id 185 at (0.0, 0.0, 0.0)
[18:11:01] [Server thread/INFO] [minecraft/MinecraftServer]: test-mock-player joined the game
[18:11:01] [Server thread/INFO] [minecraft/PlayerList]: test-mock-player[embedded] logged in with entity id 187 at (0.0, 0.0, 0.0)
[18:11:01] [Server thread/INFO] [minecraft/MinecraftServer]: test-mock-player joined the game
[18:11:01] [Server thread/INFO] [minecraft/PlayerList]: test-mock-player[embedded] logged in with entity id 189 at (0.0, 0.0, 0.0)
[18:11:01] [Server thread/INFO] [minecraft/MinecraftServer]: test-mock-player joined the game
[18:11:01] [Server thread/INFO] [minecraft/GameTestServer]: [+++++++++++++++++++++++++++++++++++++++_                      ]
[18:11:01] [Server thread/INFO] [minecraft/GameTestServer]: [+++++++++++++++++++++++++++++++++++++++_                      ]
[18:11:01] [Server thread/INFO] [minecraft/GameTestServer]: [+++++++++++++++++++++++++++++++++++++++_                      ]
[18:11:01] [Server thread/INFO] [minecraft/GameTestServer]: [+++++++++++++++++++++++++++++++++++++++_                      ]
[18:11:01] [Server thread/INFO] [minecraft/GameTestRunner]: Running test environment 'dndturn:external_melee' batch 0 (1 tests)...
[18:11:01] [Server thread/INFO] [minecraft/GameTestServer]: [++++++++++++++++++++++++++++++++++++++++                      ]
[18:11:01] [Server thread/INFO] [minecraft/PlayerList]: tactical-test[embedded] logged in with entity id 199 at (0.0, 0.0, 0.0)
[18:11:01] [Server thread/INFO] [minecraft/MinecraftServer]: tactical-test joined the game
[18:11:01] [Server thread/INFO] [minecraft/GameTestServer]: [++++++++++++++++++++++++++++++++++++++++_                     ]
[18:11:01] [Server thread/INFO] [minecraft/GameTestServer]: [++++++++++++++++++++++++++++++++++++++++_                     ]
[18:11:01] [Server thread/INFO] [minecraft/GameTestRunner]: Running test environment 'dndturn:environment_boundary_time' batch 0 (1 tests)...
[18:11:01] [Server thread/INFO] [minecraft/PlayerList]: test-mock-player[embedded] logged in with entity id 201 at (0.0, 0.0, 0.0)
[18:11:01] [Server thread/INFO] [minecraft/MinecraftServer]: test-mock-player joined the game
[18:11:01] [Server thread/INFO] [minecraft/GameTestServer]: [+++++++++++++++++++++++++++++++++++++++++_                    ]
[18:11:01] [Server thread/INFO] [minecraft/GameTestServer]: [+++++++++++++++++++++++++++++++++++++++++_                    ]
[18:11:01] [Server thread/INFO] [minecraft/GameTestServer]: [+++++++++++++++++++++++++++++++++++++++++_                    ]
[18:11:01] [Server thread/INFO] [minecraft/GameTestServer]: [+++++++++++++++++++++++++++++++++++++++++_                    ]
[18:11:01] [Server thread/INFO] [minecraft/GameTestRunner]: Running test environment 'dndturn:tactical_behaviors' batch 0 (3 tests)...
[18:11:02] [Server thread/INFO] [minecraft/PlayerList]: test-mock-player[embedded] logged in with entity id 204 at (0.0, 0.0, 0.0)
[18:11:02] [Server thread/INFO] [minecraft/MinecraftServer]: test-mock-player joined the game
[18:11:02] [Server thread/INFO] [minecraft/PlayerList]: test-mock-player[embedded] logged in with entity id 206 at (0.0, 0.0, 0.0)
[18:11:02] [Server thread/INFO] [minecraft/MinecraftServer]: test-mock-player joined the game
[18:11:02] [Server thread/INFO] [minecraft/PlayerList]: test-mock-player[embedded] logged in with entity id 208 at (0.0, 0.0, 0.0)
[18:11:02] [Server thread/INFO] [minecraft/MinecraftServer]: test-mock-player joined the game
[18:11:02] [Server thread/INFO] [minecraft/MinecraftServer]: test-mock-player has made the advancement [Monster Hunter]
[18:11:02] [Server thread/INFO] [minecraft/LivingEntity]: Named entity Zombie['Behavior target'/209, l='ServerLevel[Test Level]', x=3729986.50, y=93.00, z=13789568.50] died: death.attack.dndturn.tactical
[18:11:02] [Server thread/INFO] [minecraft/GameTestServer]: [++++++++++++++++++++++++++++++++++++++++++__+                 ]
[18:11:02] [Server thread/INFO] [minecraft/GameTestServer]: [++++++++++++++++++++++++++++++++++++++++++__+                 ]
[18:11:02] [Server thread/INFO] [minecraft/GameTestServer]: [++++++++++++++++++++++++++++++++++++++++++_++                 ]
[18:11:02] [Server thread/INFO] [minecraft/GameTestRunner]: Running test environment 'dndturn:tactical_crossbow' batch 0 (1 tests)...
[18:11:02] [Server thread/INFO] [minecraft/GameTestServer]: [+++++++++++++++++++++++++++++++++++++++++++++_                ]
[18:11:02] [Server thread/INFO] [minecraft/GameTestServer]: [+++++++++++++++++++++++++++++++++++++++++++++_                ]
[18:11:02] [Server thread/INFO] [minecraft/GameTestServer]: [+++++++++++++++++++++++++++++++++++++++++++++_                ]
[18:11:02] [Server thread/INFO] [minecraft/PlayerList]: test-mock-player[embedded] logged in with entity id 214 at (0.0, 0.0, 0.0)
[18:11:02] [Server thread/INFO] [minecraft/MinecraftServer]: test-mock-player joined the game
[18:11:02] [Server thread/INFO] [minecraft/GameTestServer]: [+++++++++++++++++++++++++++++++++++++++++++++_                ]
[18:11:02] [Server thread/INFO] [minecraft/GameTestServer]: [+++++++++++++++++++++++++++++++++++++++++++++_                ]
[18:11:02] [Server thread/INFO] [minecraft/MinecraftServer]: test-mock-player has made the advancement [Ol' Betsy]
[18:11:02] [Server thread/INFO] [minecraft/GameTestRunner]: Running test environment 'dndturn:prototype_environment_loop' batch 0 (1 tests)...
[18:11:02] [Server thread/INFO] [minecraft/GameTestServer]: [++++++++++++++++++++++++++++++++++++++++++++++_               ]
[18:11:02] [Server thread/INFO] [minecraft/PlayerList]: test-mock-player[embedded] logged in with entity id 219 at (0.0, 0.0, 0.0)
[18:11:02] [Server thread/INFO] [minecraft/MinecraftServer]: test-mock-player joined the game
[18:11:02] [Server thread/INFO] [minecraft/GameTestServer]: [++++++++++++++++++++++++++++++++++++++++++++++_               ]
[18:11:02] [Server thread/INFO] [minecraft/GameTestRunner]: Running test environment 'dndturn:movement_regressions' batch 0 (1 tests)...
[18:11:02] [Server thread/INFO] [minecraft/GameTestServer]: [+++++++++++++++++++++++++++++++++++++++++++++++_              ]
[18:11:02] [Server thread/INFO] [minecraft/GameTestServer]: [+++++++++++++++++++++++++++++++++++++++++++++++_              ]
[18:11:02] [Server thread/INFO] [minecraft/PlayerList]: tactical-test[embedded] logged in with entity id 227 at (0.0, 0.0, 0.0)
[18:11:02] [Server thread/INFO] [minecraft/MinecraftServer]: tactical-test joined the game
[18:11:02] [Server thread/INFO] [minecraft/GameTestServer]: [+++++++++++++++++++++++++++++++++++++++++++++++_              ]
[18:11:02] [Server thread/INFO] [minecraft/GameTestRunner]: Running test environment 'dndturn:environment_classification' batch 0 (1 tests)...
[18:11:02] [Server thread/INFO] [minecraft/PlayerList]: test-mock-player[embedded] logged in with entity id 238 at (0.0, 0.0, 0.0)
[18:11:02] [Server thread/INFO] [minecraft/MinecraftServer]: test-mock-player joined the game
[18:11:03] [Server thread/INFO] [minecraft/GameTestServer]: [++++++++++++++++++++++++++++++++++++++++++++++++_             ]
[18:11:03] [Server thread/INFO] [minecraft/GameTestServer]: [++++++++++++++++++++++++++++++++++++++++++++++++_             ]
[18:11:03] [Server thread/INFO] [minecraft/GameTestRunner]: Running test environment 'dndturn:arrow_regressions' batch 0 (9 tests)...
[18:11:03] [Server thread/INFO] [minecraft/PlayerList]: test-mock-player[embedded] logged in with entity id 246 at (0.0, 0.0, 0.0)
[18:11:03] [Server thread/INFO] [minecraft/MinecraftServer]: test-mock-player joined the game
[18:11:03] [Server thread/INFO] [minecraft/PlayerList]: test-mock-player[embedded] logged in with entity id 247 at (0.0, 0.0, 0.0)
[18:11:03] [Server thread/INFO] [minecraft/MinecraftServer]: test-mock-player joined the game
[18:11:03] [Server thread/INFO] [minecraft/PlayerList]: test-mock-player[embedded] logged in with entity id 250 at (0.0, 0.0, 0.0)
[18:11:03] [Server thread/INFO] [minecraft/MinecraftServer]: test-mock-player joined the game
[18:11:03] [Server thread/INFO] [minecraft/PlayerList]: test-mock-player[embedded] logged in with entity id 251 at (0.0, 0.0, 0.0)
[18:11:03] [Server thread/INFO] [minecraft/MinecraftServer]: test-mock-player joined the game
[18:11:03] [Server thread/INFO] [minecraft/PlayerList]: test-mock-player[embedded] logged in with entity id 254 at (0.0, 0.0, 0.0)
[18:11:03] [Server thread/INFO] [minecraft/MinecraftServer]: test-mock-player joined the game
[18:11:03] [Server thread/INFO] [minecraft/PlayerList]: test-mock-player[embedded] logged in with entity id 255 at (0.0, 0.0, 0.0)
[18:11:03] [Server thread/INFO] [minecraft/MinecraftServer]: test-mock-player joined the game
[18:11:04] [Server thread/INFO] [minecraft/PlayerList]: test-mock-player[embedded] logged in with entity id 258 at (0.0, 0.0, 0.0)
[18:11:04] [Server thread/INFO] [minecraft/MinecraftServer]: test-mock-player joined the game
[18:11:04] [Server thread/INFO] [minecraft/PlayerList]: test-mock-player[embedded] logged in with entity id 259 at (0.0, 0.0, 0.0)
[18:11:04] [Server thread/INFO] [minecraft/MinecraftServer]: test-mock-player joined the game
[18:11:04] [Server thread/INFO] [minecraft/PlayerList]: test-mock-player[embedded] logged in with entity id 262 at (0.0, 0.0, 0.0)
[18:11:04] [Server thread/INFO] [minecraft/MinecraftServer]: test-mock-player joined the game
[18:11:04] [Server thread/INFO] [minecraft/PlayerList]: test-mock-player[embedded] logged in with entity id 263 at (0.0, 0.0, 0.0)
[18:11:04] [Server thread/INFO] [minecraft/MinecraftServer]: test-mock-player joined the game
[18:11:04] [Server thread/INFO] [minecraft/PlayerList]: test-mock-player[embedded] logged in with entity id 277 at (0.0, 0.0, 0.0)
[18:11:04] [Server thread/INFO] [minecraft/MinecraftServer]: test-mock-player joined the game
[18:11:04] [Server thread/INFO] [minecraft/PlayerList]: test-mock-player[embedded] logged in with entity id 278 at (0.0, 0.0, 0.0)
[18:11:04] [Server thread/INFO] [minecraft/MinecraftServer]: test-mock-player joined the game
[18:11:04] [Server thread/INFO] [minecraft/PlayerList]: test-mock-player[embedded] logged in with entity id 279 at (0.0, 0.0, 0.0)
[18:11:04] [Server thread/INFO] [minecraft/MinecraftServer]: test-mock-player joined the game
[18:11:04] [Server thread/INFO] [minecraft/PlayerList]: test-mock-player[embedded] logged in with entity id 280 at (0.0, 0.0, 0.0)
[18:11:04] [Server thread/INFO] [minecraft/MinecraftServer]: test-mock-player joined the game
[18:11:04] [Server thread/INFO] [minecraft/GameTestServer]: [+++++++++++++++++++++++++++++++++++++++++++++++++__+______    ]
[18:11:04] [Server thread/INFO] [minecraft/GameTestServer]: [+++++++++++++++++++++++++++++++++++++++++++++++++_++__++++    ]
[18:11:04] [Server thread/INFO] [minecraft/GameTestServer]: [+++++++++++++++++++++++++++++++++++++++++++++++++_++_+++++    ]
[18:11:04] [Server thread/INFO] [minecraft/GameTestServer]: [+++++++++++++++++++++++++++++++++++++++++++++++++_++_+++++    ]
[18:11:04] [Server thread/INFO] [minecraft/GameTestServer]: [+++++++++++++++++++++++++++++++++++++++++++++++++_++_+++++    ]
[18:11:04] [Server thread/INFO] [minecraft/GameTestServer]: [+++++++++++++++++++++++++++++++++++++++++++++++++_++_+++++    ]
[18:11:04] [Server thread/INFO] [minecraft/GameTestServer]: [++++++++++++++++++++++++++++++++++++++++++++++++++++_+++++    ]
[18:11:04] [Server thread/INFO] [minecraft/GameTestRunner]: Running test environment 'dndturn:consent_regressions' batch 0 (1 tests)...
[18:11:05] [Server thread/INFO] [minecraft/PlayerList]: exit-test-player[embedded] logged in with entity id 289 at (0.0, 0.0, 0.0)
[18:11:05] [Server thread/INFO] [minecraft/MinecraftServer]: exit-test-player joined the game
[18:11:05] [Server thread/INFO] [minecraft/PlayerList]: exit-test-player[embedded] logged in with entity id 290 at (0.0, 0.0, 0.0)
[18:11:05] [Server thread/INFO] [minecraft/MinecraftServer]: exit-test-player joined the game
[18:11:05] [Server thread/INFO] [minecraft/PlayerList]: exit-test-player[embedded] logged in with entity id 291 at (0.0, 0.0, 0.0)
[18:11:05] [Server thread/INFO] [minecraft/MinecraftServer]: exit-test-player joined the game
[18:11:05] [Server thread/INFO] [minecraft/GameTestServer]: [++++++++++++++++++++++++++++++++++++++++++++++++++++++++++_   ]
[18:11:05] [Server thread/INFO] [minecraft/GameTestServer]: [++++++++++++++++++++++++++++++++++++++++++++++++++++++++++_   ]
[18:11:05] [Server thread/INFO] [minecraft/GameTestServer]: [++++++++++++++++++++++++++++++++++++++++++++++++++++++++++_   ]
[18:11:05] [Server thread/INFO] [minecraft/GameTestServer]: [++++++++++++++++++++++++++++++++++++++++++++++++++++++++++_   ]
[18:11:05] [Server thread/INFO] [minecraft/GameTestServer]: [++++++++++++++++++++++++++++++++++++++++++++++++++++++++++_   ]
[18:11:05] [Server thread/INFO] [minecraft/GameTestServer]: [++++++++++++++++++++++++++++++++++++++++++++++++++++++++++_   ]
[18:11:05] [Server thread/INFO] [minecraft/GameTestServer]: [++++++++++++++++++++++++++++++++++++++++++++++++++++++++++_   ]
[18:11:05] [Server thread/INFO] [minecraft/GameTestServer]: [++++++++++++++++++++++++++++++++++++++++++++++++++++++++++_   ]
[18:11:05] [Server thread/INFO] [minecraft/GameTestServer]: [++++++++++++++++++++++++++++++++++++++++++++++++++++++++++_   ]
[18:11:05] [Server thread/INFO] [minecraft/GameTestServer]: [++++++++++++++++++++++++++++++++++++++++++++++++++++++++++_   ]
[18:11:05] [Server thread/INFO] [minecraft/GameTestServer]: [++++++++++++++++++++++++++++++++++++++++++++++++++++++++++_   ]
[18:11:05] [Server thread/INFO] [minecraft/GameTestServer]: [++++++++++++++++++++++++++++++++++++++++++++++++++++++++++_   ]
[18:11:05] [Server thread/INFO] [minecraft/GameTestServer]: [++++++++++++++++++++++++++++++++++++++++++++++++++++++++++_   ]
[18:11:05] [Server thread/INFO] [minecraft/GameTestServer]: [++++++++++++++++++++++++++++++++++++++++++++++++++++++++++_   ]
[18:11:05] [Server thread/INFO] [minecraft/GameTestServer]: [++++++++++++++++++++++++++++++++++++++++++++++++++++++++++_   ]
[18:11:05] [Server thread/INFO] [minecraft/GameTestServer]: [++++++++++++++++++++++++++++++++++++++++++++++++++++++++++_   ]
[18:11:05] [Server thread/INFO] [minecraft/GameTestServer]: [++++++++++++++++++++++++++++++++++++++++++++++++++++++++++_   ]
[18:11:05] [Server thread/INFO] [minecraft/GameTestServer]: [++++++++++++++++++++++++++++++++++++++++++++++++++++++++++_   ]
[18:11:05] [Server thread/INFO] [minecraft/GameTestServer]: [++++++++++++++++++++++++++++++++++++++++++++++++++++++++++_   ]
[18:11:05] [Server thread/INFO] [minecraft/GameTestServer]: [++++++++++++++++++++++++++++++++++++++++++++++++++++++++++_   ]
[18:11:05] [Server thread/INFO] [minecraft/GameTestServer]: [++++++++++++++++++++++++++++++++++++++++++++++++++++++++++_   ]
[18:11:05] [Server thread/INFO] [minecraft/GameTestRunner]: Running test environment 'dndturn:tactical_ranged' batch 0 (1 tests)...
[18:11:05] [Server thread/INFO] [minecraft/GameTestServer]: [+++++++++++++++++++++++++++++++++++++++++++++++++++++++++++_  ]
[18:11:05] [Server thread/INFO] [minecraft/GameTestServer]: [+++++++++++++++++++++++++++++++++++++++++++++++++++++++++++_  ]
[18:11:05] [Server thread/INFO] [minecraft/PlayerList]: test-mock-player[embedded] logged in with entity id 294 at (0.0, 0.0, 0.0)
[18:11:05] [Server thread/INFO] [minecraft/MinecraftServer]: test-mock-player joined the game
[18:11:05] [Server thread/INFO] [minecraft/GameTestServer]: [+++++++++++++++++++++++++++++++++++++++++++++++++++++++++++_  ]
[18:11:05] [Server thread/INFO] [minecraft/GameTestServer]: [+++++++++++++++++++++++++++++++++++++++++++++++++++++++++++_  ]
[18:11:05] [Server thread/INFO] [minecraft/GameTestRunner]: Running test environment 'dndturn:tactical_plan' batch 0 (1 tests)...
[18:11:05] [Server thread/INFO] [minecraft/PlayerList]: test-mock-player[embedded] logged in with entity id 297 at (0.0, 0.0, 0.0)
[18:11:05] [Server thread/INFO] [minecraft/MinecraftServer]: test-mock-player joined the game
[18:11:06] [Server thread/INFO] [minecraft/GameTestServer]: [++++++++++++++++++++++++++++++++++++++++++++++++++++++++++++_ ]
[18:11:06] [Server thread/INFO] [minecraft/GameTestServer]: [++++++++++++++++++++++++++++++++++++++++++++++++++++++++++++_ ]
[18:11:06] [Server thread/INFO] [minecraft/MinecraftServer]: test-mock-player has made the advancement [Isn't It Iron Pick]
[18:11:06] [Server thread/INFO] [minecraft/GameTestServer]: [++++++++++++++++++++++++++++++++++++++++++++++++++++++++++++_ ]
[18:11:06] [Server thread/INFO] [minecraft/GameTestRunner]: Running test environment 'dndturn:player_items' batch 0 (1 tests)...
[18:11:06] [Server thread/INFO] [minecraft/PlayerList]: tactical-test[embedded] logged in with entity id 305 at (0.0, 0.0, 0.0)
[18:11:06] [Server thread/INFO] [minecraft/MinecraftServer]: tactical-test joined the game
[18:11:06] [Server thread/INFO] [minecraft/MinecraftServer]: tactical-test has made the advancement [Wax On]
[18:11:06] [Server thread/ERROR] [minecraft/LogTestReporter]: dndturn:player_items failed at 3668994, -59, 13789590! armor stand not inserted on tick 4
[18:11:06] [Server thread/INFO] [minecraft/GameTestServer]: [+++++++++++++++++++++++++++++++++++++++++++++++++++++++++++++X]
[18:11:06] [Server thread/INFO] [minecraft/GameTestServer]: ========= 62 GAME TESTS COMPLETE IN 14.79 s ======================
[18:11:06] [Server thread/ERROR] [minecraft/GameTestServer]: 1 required tests failed :(
[18:11:06] [Server thread/ERROR] [minecraft/GameTestServer]:    - dndturn:player_items: armor stand not inserted on tick 4
[18:11:06] [Server thread/INFO] [minecraft/GameTestServer]: ====================================================
[18:11:06] [Server thread/INFO] [minecraft/MinecraftServer]: Stopping server
[18:11:06] [Server thread/INFO] [minecraft/MinecraftServer]: Saving players
[18:11:07] [Server thread/INFO] [minecraft/ServerGamePacketListenerImpl]: tactical-test lost connection: Server closed
[18:11:07] [Server thread/INFO] [minecraft/MinecraftServer]: tactical-test left the game
[18:11:07] [Server thread/INFO] [minecraft/ServerGamePacketListenerImpl]: test-mock-player lost connection: Server closed
[18:11:07] [Server thread/INFO] [minecraft/MinecraftServer]: test-mock-player left the game
[18:11:07] [Server thread/INFO] [minecraft/ServerGamePacketListenerImpl]: test-mock-player lost connection: Server closed
[18:11:07] [Server thread/INFO] [minecraft/MinecraftServer]: test-mock-player left the game
[18:11:07] [Server thread/INFO] [minecraft/ServerGamePacketListenerImpl]: test-mock-player lost connection: Server closed
[18:11:07] [Server thread/INFO] [minecraft/MinecraftServer]: test-mock-player left the game
[18:11:07] [Server thread/INFO] [minecraft/ServerGamePacketListenerImpl]: test-mock-player lost connection: Server closed
[18:11:07] [Server thread/INFO] [minecraft/MinecraftServer]: test-mock-player left the game
[18:11:07] [Server thread/INFO] [minecraft/ServerGamePacketListenerImpl]: test-mock-player lost connection: Server closed
[18:11:07] [Server thread/INFO] [minecraft/MinecraftServer]: test-mock-player left the game
[18:11:07] [Server thread/INFO] [minecraft/ServerGamePacketListenerImpl]: test-mock-player lost connection: Server closed
[18:11:07] [Server thread/INFO] [minecraft/MinecraftServer]: test-mock-player left the game
[18:11:07] [Server thread/INFO] [minecraft/ServerGamePacketListenerImpl]: test-mock-player lost connection: Server closed
[18:11:07] [Server thread/INFO] [minecraft/MinecraftServer]: test-mock-player left the game
[18:11:07] [Server thread/INFO] [minecraft/ServerGamePacketListenerImpl]: candidate-review-player lost connection: Server closed
[18:11:07] [Server thread/INFO] [minecraft/MinecraftServer]: candidate-review-player left the game
[18:11:07] [Server thread/INFO] [minecraft/ServerGamePacketListenerImpl]: exit-test-player lost connection: Server closed
[18:11:07] [Server thread/INFO] [minecraft/MinecraftServer]: exit-test-player left the game
[18:11:07] [Server thread/INFO] [minecraft/ServerGamePacketListenerImpl]: tactical-test lost connection: Server closed
[18:11:07] [Server thread/INFO] [minecraft/MinecraftServer]: tactical-test left the game
[18:11:07] [Server thread/INFO] [minecraft/ServerGamePacketListenerImpl]: test-mock-player lost connection: Server closed
[18:11:07] [Server thread/INFO] [minecraft/MinecraftServer]: test-mock-player left the game
[18:11:07] [Server thread/INFO] [minecraft/ServerGamePacketListenerImpl]: test-mock-player lost connection: Server closed
[18:11:07] [Server thread/INFO] [minecraft/MinecraftServer]: test-mock-player left the game
[18:11:07] [Server thread/INFO] [minecraft/ServerGamePacketListenerImpl]: test-mock-player lost connection: Server closed
[18:11:07] [Server thread/INFO] [minecraft/MinecraftServer]: test-mock-player left the game
[18:11:07] [Server thread/INFO] [minecraft/ServerGamePacketListenerImpl]: test-mock-player lost connection: Server closed
[18:11:07] [Server thread/INFO] [minecraft/MinecraftServer]: test-mock-player left the game
[18:11:07] [Server thread/INFO] [minecraft/ServerGamePacketListenerImpl]: tactical-test lost connection: Server closed
[18:11:07] [Server thread/INFO] [minecraft/MinecraftServer]: tactical-test left the game
[18:11:07] [Server thread/INFO] [minecraft/ServerGamePacketListenerImpl]: tactical-test lost connection: Server closed
[18:11:07] [Server thread/INFO] [minecraft/MinecraftServer]: tactical-test left the game
[18:11:07] [Server thread/INFO] [minecraft/ServerGamePacketListenerImpl]: tactical-test lost connection: Server closed
[18:11:07] [Server thread/INFO] [minecraft/MinecraftServer]: tactical-test left the game
[18:11:07] [Server thread/INFO] [minecraft/ServerGamePacketListenerImpl]: test-mock-player lost connection: Server closed
[18:11:07] [Server thread/INFO] [minecraft/MinecraftServer]: test-mock-player left the game
[18:11:07] [Server thread/INFO] [minecraft/ServerGamePacketListenerImpl]: tactical-test lost connection: Server closed
[18:11:07] [Server thread/INFO] [minecraft/MinecraftServer]: tactical-test left the game
[18:11:07] [Server thread/INFO] [minecraft/ServerGamePacketListenerImpl]: test-mock-player lost connection: Server closed
[18:11:07] [Server thread/INFO] [minecraft/MinecraftServer]: test-mock-player left the game
[18:11:07] [Server thread/INFO] [minecraft/ServerGamePacketListenerImpl]: test-mock-player lost connection: Server closed
[18:11:07] [Server thread/INFO] [minecraft/MinecraftServer]: test-mock-player left the game
[18:11:07] [Server thread/INFO] [minecraft/ServerGamePacketListenerImpl]: test-mock-player lost connection: Server closed
[18:11:07] [Server thread/INFO] [minecraft/MinecraftServer]: test-mock-player left the game
[18:11:07] [Server thread/INFO] [minecraft/ServerGamePacketListenerImpl]: test-mock-player lost connection: Server closed
[18:11:07] [Server thread/INFO] [minecraft/MinecraftServer]: test-mock-player left the game
[18:11:07] [Server thread/INFO] [minecraft/ServerGamePacketListenerImpl]: test-mock-player lost connection: Server closed
[18:11:07] [Server thread/INFO] [minecraft/MinecraftServer]: test-mock-player left the game
[18:11:07] [Server thread/INFO] [minecraft/ServerGamePacketListenerImpl]: test-mock-player lost connection: Server closed
[18:11:07] [Server thread/INFO] [minecraft/MinecraftServer]: test-mock-player left the game
[18:11:07] [Server thread/INFO] [minecraft/ServerGamePacketListenerImpl]: test-mock-player lost connection: Server closed
[18:11:07] [Server thread/INFO] [minecraft/MinecraftServer]: test-mock-player left the game
[18:11:07] [Server thread/INFO] [minecraft/ServerGamePacketListenerImpl]: test-mock-player lost connection: Server closed
[18:11:07] [Server thread/INFO] [minecraft/MinecraftServer]: test-mock-player left the game
[18:11:07] [Server thread/INFO] [minecraft/ServerGamePacketListenerImpl]: test-mock-player lost connection: Server closed
[18:11:07] [Server thread/INFO] [minecraft/MinecraftServer]: test-mock-player left the game
[18:11:07] [Server thread/INFO] [minecraft/ServerGamePacketListenerImpl]: test-mock-player lost connection: Server closed
[18:11:07] [Server thread/INFO] [minecraft/MinecraftServer]: test-mock-player left the game
[18:11:07] [Server thread/INFO] [minecraft/ServerGamePacketListenerImpl]: test-mock-player lost connection: Server closed
[18:11:07] [Server thread/INFO] [minecraft/MinecraftServer]: test-mock-player left the game
[18:11:07] [Server thread/INFO] [minecraft/ServerGamePacketListenerImpl]: exit-test-player lost connection: Server closed
[18:11:07] [Server thread/INFO] [minecraft/MinecraftServer]: exit-test-player left the game
[18:11:07] [Server thread/INFO] [minecraft/ServerGamePacketListenerImpl]: test-mock-player lost connection: Server closed
[18:11:07] [Server thread/INFO] [minecraft/MinecraftServer]: test-mock-player left the game
[18:11:07] [Server thread/INFO] [minecraft/ServerGamePacketListenerImpl]: tactical-test lost connection: Server closed
[18:11:07] [Server thread/INFO] [minecraft/MinecraftServer]: tactical-test left the game
[18:11:07] [Server thread/INFO] [minecraft/MinecraftServer]: Saving worlds
[18:11:07] [Server thread/INFO] [minecraft/MinecraftServer]: Saving chunks for level 'ServerLevel[Test Level]'/minecraft:overworld
[18:11:08] [Server thread/INFO] [minecraft/MinecraftServer]: Saving chunks for level 'ServerLevel[Test Level]'/minecraft:the_nether
[18:11:08] [Server thread/INFO] [minecraft/MinecraftServer]: Saving chunks for level 'ServerLevel[Test Level]'/minecraft:the_end
[18:11:08] [Server thread/INFO] [minecraft/MinecraftServer]: ThreadedAnvilChunkStorage (world): All chunks are saved
[18:11:08] [Server thread/INFO] [minecraft/MinecraftServer]: ThreadedAnvilChunkStorage (DIM-1): All chunks are saved
[18:11:08] [Server thread/INFO] [minecraft/MinecraftServer]: ThreadedAnvilChunkStorage (DIM1): All chunks are saved
[18:11:08] [Server thread/INFO] [minecraft/MinecraftServer]: ThreadedAnvilChunkStorage: All dimensions are saved
[18:11:08] [Server thread/INFO] [minecraft/GameTestServer]: Game test server shutting down

> Task :runGameTestServer FAILED

[Incubating] Problems report is available at: file:///D:/javaProjects/dndturn26.1/targets/neoforge-26.1/build/reports/problems/problems-report.html

FAILURE: Build failed with an exception.

* What went wrong:
Execution failed for task ':runGameTestServer' (registered in build file 'build.gradle').
> Process 'command 'C:\Program Files\Java\jdk-25.0.3\bin\java.exe'' finished with non-zero exit value 1

* Try:
> Run with --stacktrace option to get the stack trace.
> Run with --info or --debug option to get more log output.
> Run with --scan to get full insights from a Build Scan (powered by Develocity).
> Get more help at https://help.gradle.org.

BUILD FAILED in 28s
13 actionable tasks: 4 executed, 9 up-to-date
