WARNING: A restricted method in java.lang.System has been called
WARNING: java.lang.System::load has been called by net.rubygrapefruit.platform.internal.NativeLibraryLoader in an unnamed module (file:/C:/Users/RNaim/.gradle/wrapper/dists/gradle-9.7.1-bin/1w1c7tv4s851m17nbqdsro2tv/gradle-9.7.1/lib/native-platform-0.22-milestone-29.jar)
WARNING: Use --enable-native-access=ALL-UNNAMED to avoid a warning for callers in this module
WARNING: Restricted methods will be blocked in a future release unless native access is enabled

To honour the JVM settings for this build a single-use Daemon process will be forked. For more on this, please refer to https://docs.gradle.org/9.7.1/userguide/gradle_daemon.html#sec:disabling_the_daemon in the Gradle documentation.
Daemon will be stopped at the end of the build 
> Task :createMinecraftArtifacts UP-TO-DATE
> Task :common:compileJava UP-TO-DATE

> Task :compileJava
注: 某些输入文件使用或覆盖了已过时的 API。
注: 有关详细信息, 请使用 -Xlint:deprecation 重新编译。

> Task :processResources
> Task :common:processResources NO-SOURCE
> Task :common:classes UP-TO-DATE
> Task :classes
> Task :jarJar NO-SOURCE
> Task :jar
> Task :assemble
> Task :compileCompatTestJava
> Task :processCompatTestResources NO-SOURCE
> Task :compatTestClasses

> Task :compileGameTestJava
D:\javaProjects\dndturn26.1\targets\neoforge-26.1\src\gameTest\java\cc\sighs\dndturn\combat\EnvironmentBoundaryTimeChecks.java:27: 警告: [removal] GameTestHelper 中的 makeMockServerPlayerInLevel() 已过时, 且标记为待删除
        var player = h.makeMockServerPlayerInLevel();
                      ^
D:\javaProjects\dndturn26.1\targets\neoforge-26.1\src\gameTest\java\cc\sighs\dndturn\combat\EnvironmentCircuitChecks.java:21: 警告: [removal] GameTestHelper 中的 makeMockServerPlayerInLevel() 已过时, 且标记为待删除
        var player=helper.makeMockServerPlayerInLevel();player.setPos(base.getX()+.5,base.getY(),base.getZ()+.5);
                         ^
D:\javaProjects\dndturn26.1\targets\neoforge-26.1\src\gameTest\java\cc\sighs\dndturn\combat\EnvironmentClassificationChecks.java:19: 警告: [removal] GameTestHelper 中的 makeMockServerPlayerInLevel() 已过时, 且标记为待删除
        var player = helper.makeMockServerPlayerInLevel();
                           ^
D:\javaProjects\dndturn26.1\targets\neoforge-26.1\src\gameTest\java\cc\sighs\dndturn\combat\EnvironmentClockChecks.java:18: 警告: [removal] GameTestHelper 中的 makeMockServerPlayerInLevel() 已过时, 且标记为待删除
        var player=helper.makeMockServerPlayerInLevel();player.setPos(base.getX()+.5,base.getY(),base.getZ()+.5);
                         ^
D:\javaProjects\dndturn26.1\targets\neoforge-26.1\src\gameTest\java\cc\sighs\dndturn\combat\EnvironmentDomainChecks.java:21: 警告: [removal] GameTestHelper 中的 makeMockServerPlayerInLevel() 已过时, 且标记为待删除
        var first=helper.makeMockServerPlayerInLevel();first.setPos(base.getX()+.5,base.getY(),base.getZ()+.5);
                        ^
D:\javaProjects\dndturn26.1\targets\neoforge-26.1\src\gameTest\java\cc\sighs\dndturn\combat\EnvironmentDomainChecks.java:22: 警告: [removal] GameTestHelper 中的 makeMockServerPlayerInLevel() 已过时, 且标记为待删除
        var second=helper.makeMockServerPlayerInLevel();second.setPos(base.getX()+20.5,base.getY(),base.getZ()+.5);
                         ^
D:\javaProjects\dndturn26.1\targets\neoforge-26.1\src\gameTest\java\cc\sighs\dndturn\combat\EnvironmentProcessChecks.java:33: 警告: [removal] GameTestHelper 中的 makeMockServerPlayerInLevel() 已过时, 且标记为待删除
        var player=helper.makeMockServerPlayerInLevel(); player.setPos(base.getX()+.5,base.getY(),base.getZ()+.5);
                         ^
D:\javaProjects\dndturn26.1\targets\neoforge-26.1\src\gameTest\java\cc\sighs\dndturn\combat\EnvironmentTntChecks.java:22: 警告: [removal] GameTestHelper 中的 makeMockServerPlayerInLevel() 已过时, 且标记为待删除
        var player=helper.makeMockServerPlayerInLevel(); player.setPos(base.getX()+.5,base.getY(),base.getZ()+.5);
                         ^
D:\javaProjects\dndturn26.1\targets\neoforge-26.1\src\gameTest\java\cc\sighs\dndturn\combat\MobAbilityLoopChecks.java:71: 警告: [removal] GameTestHelper 中的 makeMockServerPlayerInLevel() 已过时, 且标记为待删除
        var player = helper.makeMockServerPlayerInLevel();
                           ^
D:\javaProjects\dndturn26.1\targets\neoforge-26.1\src\gameTest\java\cc\sighs\dndturn\combat\MobPlanMovementChecks.java:23: 警告: [removal] GameTestHelper 中的 makeMockServerPlayerInLevel() 已过时, 且标记为待删除
        var player=helper.makeMockServerPlayerInLevel();
                         ^
D:\javaProjects\dndturn26.1\targets\neoforge-26.1\src\gameTest\java\cc\sighs\dndturn\gametest\LocalTimeGameTests.java:418: 警告: [removal] GameTestHelper 中的 makeMockServerPlayerInLevel() 已过时, 且标记为待删除
            ServerPlayer player = helper.makeMockServerPlayerInLevel();
                                        ^
D:\javaProjects\dndturn26.1\targets\neoforge-26.1\src\gameTest\java\cc\sighs\dndturn\gametest\LocalTimeGameTests.java:556: 警告: [removal] GameTestHelper 中的 makeMockServerPlayerInLevel() 已过时, 且标记为待删除
        ServerPlayer first = helper.makeMockServerPlayerInLevel();
                                   ^
D:\javaProjects\dndturn26.1\targets\neoforge-26.1\src\gameTest\java\cc\sighs\dndturn\gametest\LocalTimeGameTests.java:557: 警告: [removal] GameTestHelper 中的 makeMockServerPlayerInLevel() 已过时, 且标记为待删除
        ServerPlayer second = helper.makeMockServerPlayerInLevel();
                                    ^
D:\javaProjects\dndturn26.1\targets\neoforge-26.1\src\gameTest\java\cc\sighs\dndturn\gametest\LocalTimeGameTests.java:743: 警告: [removal] GameTestHelper 中的 makeMockServerPlayerInLevel() 已过时, 且标记为待删除
            ServerPlayer player = helper.makeMockServerPlayerInLevel();
                                        ^
D:\javaProjects\dndturn26.1\targets\neoforge-26.1\src\gameTest\java\cc\sighs\dndturn\gametest\LocalTimeGameTests.java:848: 警告: [removal] GameTestHelper 中的 makeMockServerPlayerInLevel() 已过时, 且标记为待删除
            ServerPlayer player = helper.makeMockServerPlayerInLevel();
                                        ^
D:\javaProjects\dndturn26.1\targets\neoforge-26.1\src\gameTest\java\cc\sighs\dndturn\gametest\LocalTimeGameTests.java:909: 警告: [removal] GameTestHelper 中的 makeMockServerPlayerInLevel() 已过时, 且标记为待删除
        ServerPlayer player = helper.makeMockServerPlayerInLevel();
                                    ^
D:\javaProjects\dndturn26.1\targets\neoforge-26.1\src\gameTest\java\cc\sighs\dndturn\gametest\LocalTimeGameTests.java:995: 警告: [removal] GameTestHelper 中的 makeMockServerPlayerInLevel() 已过时, 且标记为待删除
                players[i] = helper.makeMockServerPlayerInLevel();
                                   ^
D:\javaProjects\dndturn26.1\targets\neoforge-26.1\src\gameTest\java\cc\sighs\dndturn\gametest\LocalTimeGameTests.java:1066: 警告: [removal] GameTestHelper 中的 makeMockServerPlayerInLevel() 已过时, 且标记为待删除
            ServerPlayer firstPlayer = helper.makeMockServerPlayerInLevel();
                                             ^
D:\javaProjects\dndturn26.1\targets\neoforge-26.1\src\gameTest\java\cc\sighs\dndturn\gametest\LocalTimeGameTests.java:1067: 警告: [removal] GameTestHelper 中的 makeMockServerPlayerInLevel() 已过时, 且标记为待删除
            ServerPlayer secondPlayer = helper.makeMockServerPlayerInLevel();
                                              ^
D:\javaProjects\dndturn26.1\targets\neoforge-26.1\src\gameTest\java\cc\sighs\dndturn\gametest\LocalTimeGameTests.java:1244: 警告: [removal] GameTestHelper 中的 makeMockServerPlayerInLevel() 已过时, 且标记为待删除
        ServerPlayer player = helper.makeMockServerPlayerInLevel();
                                    ^
D:\javaProjects\dndturn26.1\targets\neoforge-26.1\src\gameTest\java\cc\sighs\dndturn\gametest\LocalTimeGameTests.java:1356: 警告: [removal] GameTestHelper 中的 makeMockServerPlayerInLevel() 已过时, 且标记为待删除
        ServerPlayer player = helper.makeMockServerPlayerInLevel();
                                    ^
D:\javaProjects\dndturn26.1\targets\neoforge-26.1\src\gameTest\java\cc\sighs\dndturn\gametest\LocalTimeGameTests.java:1367: 警告: [removal] GameTestHelper 中的 makeMockServerPlayerInLevel() 已过时, 且标记为待删除
        ServerPlayer other = helper.makeMockServerPlayerInLevel();
                                   ^
D:\javaProjects\dndturn26.1\targets\neoforge-26.1\src\gameTest\java\cc\sighs\dndturn\gametest\LocalTimeGameTests.java:1583: 警告: [removal] GameTestHelper 中的 makeMockServerPlayerInLevel() 已过时, 且标记为待删除
        ServerPlayer player = helper.makeMockServerPlayerInLevel();
                                    ^
D:\javaProjects\dndturn26.1\targets\neoforge-26.1\src\gameTest\java\cc\sighs\dndturn\gametest\LocalTimeGameTests.java:1625: 警告: [removal] GameTestHelper 中的 makeMockServerPlayerInLevel() 已过时, 且标记为待删除
            ServerPlayer player = helper.makeMockServerPlayerInLevel();
                                        ^
D:\javaProjects\dndturn26.1\targets\neoforge-26.1\src\gameTest\java\cc\sighs\dndturn\gametest\LocalTimeGameTests.java:2001: 警告: [removal] GameTestHelper 中的 makeMockServerPlayerInLevel() 已过时, 且标记为待删除
            ServerPlayer player = helper.makeMockServerPlayerInLevel();
                                        ^
D:\javaProjects\dndturn26.1\targets\neoforge-26.1\src\gameTest\java\cc\sighs\dndturn\gametest\LocalTimeGameTests.java:2066: 警告: [removal] GameTestHelper 中的 makeMockServerPlayerInLevel() 已过时, 且标记为待删除
            ServerPlayer player = helper.makeMockServerPlayerInLevel();
                                        ^
D:\javaProjects\dndturn26.1\targets\neoforge-26.1\src\gameTest\java\cc\sighs\dndturn\gametest\LocalTimeGameTests.java:2211: 警告: [removal] GameTestHelper 中的 makeMockServerPlayerInLevel() 已过时, 且标记为待删除
        ServerPlayer player = helper.makeMockServerPlayerInLevel();
                                    ^
D:\javaProjects\dndturn26.1\targets\neoforge-26.1\src\gameTest\java\cc\sighs\dndturn\gametest\LocalTimeGameTests.java:2271: 警告: [removal] GameTestHelper 中的 makeMockServerPlayerInLevel() 已过时, 且标记为待删除
        ServerPlayer player = helper.makeMockServerPlayerInLevel();
                                    ^
D:\javaProjects\dndturn26.1\targets\neoforge-26.1\src\gameTest\java\cc\sighs\dndturn\gametest\LocalTimeGameTests.java:2403: 警告: [removal] GameTestHelper 中的 makeMockServerPlayerInLevel() 已过时, 且标记为待删除
        ServerPlayer player = helper.makeMockServerPlayerInLevel();
                                    ^
D:\javaProjects\dndturn26.1\targets\neoforge-26.1\src\gameTest\java\cc\sighs\dndturn\gametest\RepairGameTests.java:127: 警告: [removal] GameTestHelper 中的 makeMockServerPlayerInLevel() 已过时, 且标记为待删除
        try { rejected.requestStart(helper.makeMockServerPlayerInLevel(), UUID.randomUUID()); }
                                          ^
D:\javaProjects\dndturn26.1\targets\neoforge-26.1\src\gameTest\java\cc\sighs\dndturn\gametest\RepairGameTests.java:228: 警告: [removal] GameTestHelper 中的 makeMockServerPlayerInLevel() 已过时, 且标记为待删除
        var player = helper.makeMockServerPlayerInLevel();
                           ^
D:\javaProjects\dndturn26.1\targets\neoforge-26.1\src\gameTest\java\cc\sighs\dndturn\gametest\TacticalPlanGameTests.java:15: 警告: [removal] GameTestHelper 中的 makeMockServerPlayerInLevel() 已过时, 且标记为待删除
        ServerPlayer player = helper.makeMockServerPlayerInLevel();
                                    ^
D:\javaProjects\dndturn26.1\targets\neoforge-26.1\src\gameTest\java\cc\sighs\dndturn\gametest\TacticalPlanGameTests.java:207: 警告: [removal] GameTestHelper 中的 makeMockServerPlayerInLevel() 已过时, 且标记为待删除
        var player = helper.makeMockServerPlayerInLevel(); var level = helper.getLevel();
                           ^
D:\javaProjects\dndturn26.1\targets\neoforge-26.1\src\gameTest\java\cc\sighs\dndturn\gametest\TacticalPlanGameTests.java:518: 警告: [removal] GameTestHelper 中的 makeMockServerPlayerInLevel() 已过时, 且标记为待删除
        var player = helper.makeMockServerPlayerInLevel();
                           ^
注: D:\javaProjects\dndturn26.1\targets\neoforge-26.1\src\gameTest\java\cc\sighs\dndturn\gametest\LocalTimeGameTests.java使用或覆盖了已过时的 API。
注: 有关详细信息, 请使用 -Xlint:deprecation 重新编译。
34 个警告

> Task :processGameTestResources UP-TO-DATE
> Task :gameTestClasses
> Task :compileTestJava NO-SOURCE
> Task :processTestResources NO-SOURCE
> Task :testClasses UP-TO-DATE
> Task :common:jar UP-TO-DATE
> Task :test NO-SOURCE
> Task :compileUiTestJava UP-TO-DATE
> Task :processUiTestResources NO-SOURCE
> Task :uiTestClasses UP-TO-DATE

> Task :verifyUiProjection
UI checks passed: stylesheet readiness, retained text updates, ring redraw/empty/surplus.

> Task :check
> Task :build
> Task :common:assemble UP-TO-DATE
> Task :common:compileTestJava UP-TO-DATE
> Task :common:processTestResources NO-SOURCE
> Task :common:testClasses UP-TO-DATE
> Task :common:test UP-TO-DATE
> Task :common:check UP-TO-DATE
> Task :common:build UP-TO-DATE
> Task :downloadAssets UP-TO-DATE
> Task :prepareGameTestServerRun UP-TO-DATE

2026-09-28T10:23:48.273549700Z main WARN Advanced terminal features are not available in this environment
> Task :runGameTestServer
[18:23:48] [main/INFO] [ne.ne.fm.st.Entrypoint/]: JVM Uptime at startup: 109ms
[18:23:48] [main/INFO] [ne.ne.fm.lo.FMLLoader/]: Starting FancyModLoader version 11.0.15 (DEDICATED_SERVER in DEV)
[18:23:48] [main/INFO] [ne.ne.fm.lo.FMLLoader/]: Game directory: D:\javaProjects\dndturn26.1\targets\neoforge-26.1\build\gametest-run
[18:23:48] [main/INFO] [ne.ne.fm.lo.EarlyServiceDiscovery/]: Found 2 early service jars (out of 109) in 14ms
[18:23:48] [main/INFO] [ne.ne.fm.lo.FMLLoader/]: Loading FML Early Services:
[18:23:48] [main/INFO] [ne.ne.fm.lo.FMLLoader/]:  - C:/Users/RNaim/.gradle/caches/modules-2/files-2.1/net.neoforged.fancymodloader/loader/11.0.15/69ddd98736a6b095783523404d1af8992842722/loader-11.0.15.jar
[18:23:48] [main/INFO] [ne.ne.fm.lo.FMLLoader/]:  - C:/Users/RNaim/.gradle/caches/modules-2/files-2.1/net.neoforged.fancymodloader/earlydisplay/11.0.15/b254aa4ec40828f8ce65411dcb7fb9f6ce008064/earlydisplay-11.0.15.jar
[18:23:48] [main/INFO] [ne.ne.fm.lo.ImmediateWindowHandler/]: Not loading early display in headless mode.
[18:23:48] [main/INFO] [ne.ne.fm.lo.mo.lo.GameLocator/]: Detected a joined NeoForge and Minecraft configuration. Applying filtering...
[18:23:48] [main/INFO] [ne.ne.fm.lo.mo.lo.InDevFolderLocator/CORE]: Got mod coordinates dndturnTests%%D:\javaProjects\dndturn26.1\targets\neoforge-26.1\build\classes\java\main;dndturnTests%%D:\javaProjects\dndturn26.1\targets\neoforge-26.1\build\resources\main;dndturnTests%%D:\javaProjects\dndturn26.1\common\build\classes\java\main;dndturnTests%%D:\javaProjects\dndturn26.1\targets\neoforge-26.1\build\classes\java\compatTest;dndturnTests%%D:\javaProjects\dndturn26.1\targets\neoforge-26.1\build\resources\compatTest;dndturnTests%%D:\javaProjects\dndturn26.1\targets\neoforge-26.1\build\classes\java\gameTest;dndturnTests%%D:\javaProjects\dndturn26.1\targets\neoforge-26.1\build\resources\gameTest from env
[18:23:48] [main/INFO] [ne.ne.fm.lo.mo.lo.JarInJarDependencyLocator/]: Found 2 dependencies adding them to mods collection
[18:23:48] [main/INFO] [ne.ne.fm.lo.mo.ModDiscoverer/]: 
     Mod List:
		Name Version (Mod Id)

		ApricityUI 1.2.5 (apricityui)
		DNDTurn 1.0.0-SNAPSHOT (dndturn)
		Minecraft 26.1.2 (minecraft)
		NeoForge 26.1.2.84 (neoforge)
[18:23:48] [main/INFO] [mixin/]: SpongePowered MIXIN Subsystem Version=0.8.7 Source=file:/C:/Users/RNaim/.gradle/caches/modules-2/files-2.1/net.fabricmc/sponge-mixin/0.17.3+mixin.0.8.7/41c4a3984a80f4679e759fb9f495587acc5cdac7/sponge-mixin-0.17.3+mixin.0.8.7.jar Service=FML Env=SERVER
[18:23:48] [main/INFO] [ne.ne.fm.lo.FMLLoader/]: Loading FML Plugins:
[18:23:48] [main/INFO] [ne.ne.fm.lo.FMLLoader/]:  - C:/Users/RNaim/.gradle/caches/modules-2/files-2.1/net.neoforged/neoforge/26.1.2.84/b725526a2fab2163b9a0a8ce89d435d7cd5d8a88/neoforge-26.1.2.84-universal.jar > net.neoforged.neoforge-coremods-26.1.2.84.jar
[18:23:48] [main/INFO] [ne.ne.fm.lo.FMLLoader/]: Building game content classloader:
 - apricityui (jar(C:/Users/RNaim/.gradle/caches/modules-2/files-2.1/maven.modrinth/apricityui/wwrdhxiM/d4311449e5b1cdc9a59e33a7f2b02435d7441546/apricityui-wwrdhxiM.jar))
 - dndturn (composite(folder(D:/javaProjects/dndturn26.1/targets/neoforge-26.1/build/classes/java/main), folder(D:/javaProjects/dndturn26.1/targets/neoforge-26.1/build/resources/main), folder(D:/javaProjects/dndturn26.1/common/build/classes/java/main), folder(D:/javaProjects/dndturn26.1/targets/neoforge-26.1/build/classes/java/compatTest), folder(D:/javaProjects/dndturn26.1/targets/neoforge-26.1/build/classes/java/gameTest), folder(D:/javaProjects/dndturn26.1/targets/neoforge-26.1/build/resources/gameTest)))
 - minecraft (composite(filtered(jar(D:/javaProjects/dndturn26.1/targets/neoforge-26.1/build/moddev/artifacts/minecraft-patched-26.1.2.84.jar)), filtered(jar(D:/javaProjects/dndturn26.1/targets/neoforge-26.1/build/moddev/artifacts/minecraft-patched-26.1.2.84.jar))))
 - mixinextras.neoforge (jar(C:/Users/RNaim/.gradle/caches/modules-2/files-2.1/net.neoforged/neoforge/26.1.2.84/b725526a2fab2163b9a0a8ce89d435d7cd5d8a88/neoforge-26.1.2.84-universal.jar > mixinextras-neoforge-0.5.4.jar))
 - neoforge (composite(filtered(jar(C:/Users/RNaim/.gradle/caches/modules-2/files-2.1/net.neoforged/neoforge/26.1.2.84/b725526a2fab2163b9a0a8ce89d435d7cd5d8a88/neoforge-26.1.2.84-universal.jar))))
 - net.neoforged.fml.generated (empty(VirtualJar/net.neoforged.fml.generated))
[18:23:48] [main/INFO] [ne.ne.fm.lo.FMLLoader/]: Built game content classloader in 15ms
[18:23:48] [main/INFO] [mixin/]: Compatibility level set to JAVA_25
[18:23:48] [main/WARN] [mixin/]: Reference map 'apricityui.refmap.json' for apricityui.mixins.json could not be read. If this is a development environment you can ignore this message
[18:23:49] [main/INFO] [minecraft/GameTestMainUtil]: Running GameTestMain with cwd 'D:\javaProjects\dndturn26.1\targets\neoforge-26.1\build\gametest-run', universe path 'gametestserver'
[18:23:49] [main/INFO] [MixinExtras|Service/]: Initializing MixinExtras via com.llamalad7.mixinextras.service.MixinExtrasServiceImpl(version=0.5.4).
[18:23:51] [modloading-worker-0/INFO] [ne.ne.ne.co.NeoForgeMod/NEOFORGE-MOD]: NeoForge mod loading, version 26.1.2.84, for MC 26.1.2
[18:23:51] [modloading-sync-worker/INFO] [co.si.ap.ne.ap.NetworkAutoRegistration/]: [NetworkAutoReg] Metadata scan found: 4 | added: 4 | skipped: 0
[18:23:52] [main/INFO] [minecraft/RecipeManager]: Loaded 1515 recipes
[18:23:52] [main/INFO] [minecraft/AdvancementTree]: Loaded 1617 advancements
[18:23:52] [main/INFO] [ne.ne.ne.co.cr.RecipePriorityManager/]: Loaded 0 recipe priority overrides
[18:23:52] [Server thread/INFO] [minecraft/LoggingLevelLoadListener]: Selecting global world spawn...
[18:23:52] [Server thread/INFO] [minecraft/LoggingLevelLoadListener]: Loading 0 persistent chunks...
[18:23:52] [Server thread/INFO] [minecraft/LoggingLevelLoadListener]: Preparing spawn area: 100%
[18:23:52] [Server thread/INFO] [minecraft/LoggingLevelLoadListener]: Time elapsed: 168 ms
[18:23:52] [Server thread/INFO] [minecraft/GameTestServer]: Started game test server
[18:23:52] [Server thread/INFO] [ne.ne.ne.se.pe.PermissionAPI/]: Successfully initialized permission handler neoforge:default_handler
[18:23:52] [Server thread/INFO] [minecraft/GameTestServer]: 63 tests are now running at position 4886424, -59, -14816477!
[18:23:53] [Server thread/INFO] [minecraft/GameTestRunner]: Running test environment 'dndturn:action_preview' batch 0 (1 tests)...
[18:23:53] [Server thread/INFO] [minecraft/GameTestServer]: [                                                               ]
[18:23:53] [Server thread/INFO] [minecraft/GameTestServer]: [                                                               ]
[18:23:53] [Server thread/INFO] [minecraft/GameTestServer]: [                                                               ]
[18:23:53] [Server thread/INFO] [minecraft/GameTestServer]: [                                                               ]
[18:23:53] [Server thread/INFO] [minecraft/GameTestServer]: [                                                               ]
[18:23:53] [Server thread/INFO] [minecraft/GameTestServer]: [                                                               ]
[18:23:53] [Server thread/INFO] [minecraft/GameTestServer]: [                                                               ]
[18:23:53] [Server thread/INFO] [minecraft/GameTestServer]: [                                                               ]
[18:23:53] [Server thread/INFO] [minecraft/GameTestServer]: [                                                               ]
[18:23:53] [Server thread/INFO] [minecraft/GameTestServer]: [                                                               ]
[18:23:53] [Server thread/INFO] [minecraft/GameTestServer]: [                                                               ]
[18:23:53] [Server thread/INFO] [minecraft/GameTestServer]: [                                                               ]
[18:23:53] [Server thread/INFO] [minecraft/GameTestServer]: [                                                               ]
[18:23:53] [Server thread/INFO] [minecraft/GameTestServer]: [                                                               ]
[18:23:53] [Server thread/INFO] [minecraft/GameTestServer]: [                                                               ]
[18:23:53] [Server thread/INFO] [minecraft/GameTestServer]: [                                                               ]
[18:23:53] [Server thread/INFO] [minecraft/GameTestServer]: [                                                               ]
[18:23:53] [Server thread/INFO] [minecraft/GameTestServer]: [                                                               ]
[18:23:53] [Server thread/INFO] [minecraft/GameTestServer]: [                                                               ]
[18:23:53] [Server thread/INFO] [minecraft/GameTestServer]: [                                                               ]
[18:23:53] [Server thread/INFO] [minecraft/GameTestServer]: [                                                               ]
[18:23:53] [Server thread/INFO] [minecraft/PlayerList]: tactical-test[embedded] logged in with entity id 1 at (0.0, 0.0, 0.0)
[18:23:53] [Server thread/INFO] [minecraft/MinecraftServer]: tactical-test joined the game
action_preview flat A*: slices=4, charged probes=73
[18:23:53] [Server thread/INFO] [minecraft/MinecraftServer]: tactical-test has made the advancement [Take Aim]
[18:23:53] [Server thread/INFO] [minecraft/GameTestRunner]: Running test environment 'dndturn:player_items' batch 0 (1 tests)...
[18:23:53] [Server thread/INFO] [minecraft/PlayerList]: tactical-test[embedded] logged in with entity id 8 at (0.0, 0.0, 0.0)
[18:23:53] [Server thread/INFO] [minecraft/MinecraftServer]: tactical-test joined the game
[18:23:53] [Server thread/INFO] [minecraft/MinecraftServer]: tactical-test has made the advancement [Wax On]
[18:23:53] [Server thread/INFO] [minecraft/GameTestServer]: [+_                                                             ]
[18:23:53] [Server thread/INFO] [minecraft/MinecraftServer]: tactical-test has made the advancement [Suit Up]
[18:23:53] [Server thread/INFO] [minecraft/GameTestServer]: [+_                                                             ]
[18:23:54] [Server thread/INFO] [minecraft/GameTestServer]: [+_                                                             ]
[18:23:54] [Server thread/INFO] [minecraft/GameTestServer]: [+_                                                             ]
[18:23:54] [Server thread/INFO] [minecraft/GameTestServer]: [+_                                                             ]
[18:23:54] [Server thread/INFO] [minecraft/GameTestRunner]: Running test environment 'dndturn:native_melee' batch 0 (1 tests)...
[18:23:54] [Server thread/INFO] [minecraft/GameTestServer]: [++                                                             ]
[18:23:54] [Server thread/INFO] [minecraft/GameTestServer]: [++                                                             ]
[18:23:54] [Server thread/INFO] [minecraft/GameTestServer]: [++                                                             ]
[18:23:54] [Server thread/INFO] [minecraft/PlayerList]: tactical-test[embedded] logged in with entity id 10 at (0.0, 0.0, 0.0)
[18:23:54] [Server thread/INFO] [minecraft/MinecraftServer]: tactical-test joined the game
[18:23:54] [Server thread/INFO] [minecraft/GameTestServer]: [++_                                                            ]
[18:23:54] [Server thread/INFO] [minecraft/GameTestRunner]: Running test environment 'dndturn:environment_domains' batch 0 (1 tests)...
[18:23:54] [Server thread/INFO] [minecraft/PlayerList]: test-mock-player[embedded] logged in with entity id 12 at (0.0, 0.0, 0.0)
[18:23:54] [Server thread/INFO] [minecraft/MinecraftServer]: test-mock-player joined the game
[18:23:54] [Server thread/INFO] [minecraft/PlayerList]: test-mock-player[embedded] logged in with entity id 13 at (0.0, 0.0, 0.0)
[18:23:54] [Server thread/INFO] [minecraft/MinecraftServer]: test-mock-player joined the game
[18:23:54] [Server thread/INFO] [minecraft/GameTestServer]: [+++_                                                           ]
[18:23:54] [Server thread/INFO] [minecraft/GameTestServer]: [+++_                                                           ]
[18:23:54] [Server thread/WARN] [cc.si.dn.co.EnvironmentExplosion/]: ENVIRONMENT_DOMAIN_MISMATCH step=288fdcd1-99ee-418b-a488-26611fa2c816 source=8b0d8a2a-6003-4ae9-82fb-2d47f7dec3c6 rejectedEntities=1 rejectedBlocks=19
[18:23:54] [Server thread/INFO] [minecraft/GameTestRunner]: Running test environment 'dndturn:arrow_regressions' batch 0 (9 tests)...
[18:23:54] [Server thread/INFO] [minecraft/PlayerList]: test-mock-player[embedded] logged in with entity id 19 at (0.0, 0.0, 0.0)
[18:23:54] [Server thread/INFO] [minecraft/MinecraftServer]: test-mock-player joined the game
[18:23:54] [Server thread/INFO] [minecraft/PlayerList]: test-mock-player[embedded] logged in with entity id 20 at (0.0, 0.0, 0.0)
[18:23:54] [Server thread/INFO] [minecraft/MinecraftServer]: test-mock-player joined the game
[18:23:54] [Server thread/INFO] [minecraft/PlayerList]: test-mock-player[embedded] logged in with entity id 23 at (0.0, 0.0, 0.0)
[18:23:54] [Server thread/INFO] [minecraft/MinecraftServer]: test-mock-player joined the game
[18:23:54] [Server thread/INFO] [minecraft/PlayerList]: test-mock-player[embedded] logged in with entity id 24 at (0.0, 0.0, 0.0)
[18:23:54] [Server thread/INFO] [minecraft/MinecraftServer]: test-mock-player joined the game
[18:23:55] [Server thread/INFO] [minecraft/PlayerList]: test-mock-player[embedded] logged in with entity id 27 at (0.0, 0.0, 0.0)
[18:23:55] [Server thread/INFO] [minecraft/MinecraftServer]: test-mock-player joined the game
[18:23:55] [Server thread/INFO] [minecraft/PlayerList]: test-mock-player[embedded] logged in with entity id 28 at (0.0, 0.0, 0.0)
[18:23:55] [Server thread/INFO] [minecraft/MinecraftServer]: test-mock-player joined the game
[18:23:55] [Server thread/INFO] [minecraft/PlayerList]: test-mock-player[embedded] logged in with entity id 33 at (0.0, 0.0, 0.0)
[18:23:55] [Server thread/INFO] [minecraft/MinecraftServer]: test-mock-player joined the game
[18:23:55] [Server thread/INFO] [minecraft/PlayerList]: test-mock-player[embedded] logged in with entity id 34 at (0.0, 0.0, 0.0)
[18:23:55] [Server thread/INFO] [minecraft/MinecraftServer]: test-mock-player joined the game
[18:23:55] [Server thread/INFO] [minecraft/PlayerList]: test-mock-player[embedded] logged in with entity id 37 at (0.0, 0.0, 0.0)
[18:23:55] [Server thread/INFO] [minecraft/MinecraftServer]: test-mock-player joined the game
[18:23:55] [Server thread/INFO] [minecraft/PlayerList]: test-mock-player[embedded] logged in with entity id 38 at (0.0, 0.0, 0.0)
[18:23:55] [Server thread/INFO] [minecraft/MinecraftServer]: test-mock-player joined the game
[18:23:55] [Server thread/INFO] [minecraft/PlayerList]: test-mock-player[embedded] logged in with entity id 43 at (0.0, 0.0, 0.0)
[18:23:55] [Server thread/INFO] [minecraft/MinecraftServer]: test-mock-player joined the game
[18:23:55] [Server thread/INFO] [minecraft/PlayerList]: test-mock-player[embedded] logged in with entity id 44 at (0.0, 0.0, 0.0)
[18:23:55] [Server thread/INFO] [minecraft/MinecraftServer]: test-mock-player joined the game
[18:23:55] [Server thread/INFO] [minecraft/PlayerList]: test-mock-player[embedded] logged in with entity id 45 at (0.0, 0.0, 0.0)
[18:23:55] [Server thread/INFO] [minecraft/MinecraftServer]: test-mock-player joined the game
[18:23:55] [Server thread/INFO] [minecraft/PlayerList]: test-mock-player[embedded] logged in with entity id 46 at (0.0, 0.0, 0.0)
[18:23:55] [Server thread/INFO] [minecraft/MinecraftServer]: test-mock-player joined the game
[18:23:55] [Server thread/INFO] [minecraft/GameTestServer]: [++++_________                                                  ]
[18:23:55] [Server thread/INFO] [minecraft/GameTestServer]: [+++++++_+++++                                                  ]
[18:23:55] [Server thread/INFO] [minecraft/GameTestServer]: [+++++++_+++++                                                  ]
[18:23:56] [Server thread/INFO] [minecraft/GameTestServer]: [+++++++_+++++                                                  ]
[18:23:56] [Server thread/INFO] [minecraft/GameTestRunner]: Running test environment 'dndturn:body_control' batch 0 (1 tests)...
[18:23:56] [Server thread/INFO] [minecraft/PlayerList]: tactical-test[embedded] logged in with entity id 56 at (0.0, 0.0, 0.0)
[18:23:56] [Server thread/INFO] [minecraft/MinecraftServer]: tactical-test joined the game
[18:23:56] [Server thread/INFO] [minecraft/GameTestServer]: [+++++++++++++_                                                 ]
[18:23:56] [Server thread/INFO] [minecraft/GameTestServer]: [+++++++++++++_                                                 ]
[18:23:56] [Server thread/INFO] [minecraft/GameTestRunner]: Running test environment 'dndturn:restart_history' batch 0 (1 tests)...
[18:23:56] [Server thread/INFO] [minecraft/GameTestServer]: [++++++++++++++                                                 ]
[18:23:56] [Server thread/INFO] [minecraft/PlayerList]: tactical-test[embedded] logged in with entity id 61 at (0.0, 0.0, 0.0)
[18:23:56] [Server thread/INFO] [minecraft/MinecraftServer]: tactical-test joined the game
[18:23:56] [Server thread/INFO] [minecraft/GameTestServer]: [++++++++++++++_                                                ]
DNDTURN_RESTART_WRITE_READY encounter=15e1c804-c867-49b3-abc3-596b721acd09 operation=bfe9f11d-6d30-4626-8f58-34b89bb85d6b
[18:23:56] [Server thread/INFO] [minecraft/GameTestRunner]: Running test environment 'dndturn:player_item_projectiles' batch 0 (1 tests)...
[18:23:56] [Server thread/INFO] [minecraft/PlayerList]: tactical-test[embedded] logged in with entity id 62 at (0.0, 0.0, 0.0)
[18:23:56] [Server thread/INFO] [minecraft/MinecraftServer]: tactical-test joined the game
[18:23:56] [Server thread/INFO] [minecraft/GameTestServer]: [+++++++++++++++_                                               ]
[18:23:56] [Server thread/INFO] [minecraft/GameTestServer]: [+++++++++++++++_                                               ]
[18:23:56] [Server thread/INFO] [minecraft/GameTestServer]: [+++++++++++++++_                                               ]
[18:23:56] [Server thread/INFO] [minecraft/GameTestServer]: [+++++++++++++++_                                               ]
[18:23:56] [Server thread/INFO] [minecraft/GameTestServer]: [+++++++++++++++_                                               ]
[18:23:56] [Server thread/INFO] [minecraft/GameTestServer]: [+++++++++++++++_                                               ]
[18:23:56] [Server thread/INFO] [minecraft/GameTestServer]: [+++++++++++++++_                                               ]
[18:23:56] [Server thread/INFO] [minecraft/GameTestServer]: [+++++++++++++++_                                               ]
[18:23:56] [Server thread/INFO] [minecraft/GameTestServer]: [+++++++++++++++_                                               ]
[18:23:56] [Server thread/INFO] [minecraft/GameTestServer]: [+++++++++++++++_                                               ]
[18:23:56] [Server thread/INFO] [minecraft/GameTestServer]: [+++++++++++++++_                                               ]
[18:23:56] [Server thread/INFO] [minecraft/GameTestServer]: [+++++++++++++++_                                               ]
[18:23:56] [Server thread/INFO] [minecraft/GameTestServer]: [+++++++++++++++_                                               ]
[18:23:56] [Server thread/INFO] [minecraft/GameTestServer]: [+++++++++++++++_                                               ]
[18:23:56] [Server thread/INFO] [minecraft/GameTestServer]: [+++++++++++++++_                                               ]
[18:23:56] [Server thread/ERROR] [minecraft/LogTestReporter]: dndturn:player_item_projectiles failed at 4886494, -59, -14816465! missing causal native impact: [Result[snapshot=Snapshot[operationId=d84553e1-4686-402c-98f3-b46b0922ceac, parentId=dcc5e5ff-9ee5-4001-9d82-d5e32fb4c5e3, encounterId=b3e80b39-fce0-43e1-8463-4ab6e71e237d, owner=8bd8fcd7-ee19-4d3b-8da2-809ae90559aa, source=8bd8fcd7-ee19-4d3b-8da2-809ae90559aa, target=null, serverTick=821, encounterVersion=1, sourceCell=GridCell[x=5044495, y=93, z=-14816463], targetCell=GridCell[x=5044498, y=92, z=-14816463], kind=USE_ITEM, observationEpoch=b8af8fe2-2d00-4687-b093-8829b17710e8, intent=null], step=0, outcome=COMPLETED, reason=world interaction accepted, actualMovementTicks=0, actualDamage=0.0, publishedVersion=3, terminal=true, damageTrace=null, conclusion=null, failure=Details[code=NONE, retry=NONE]], Result[snapshot=Snapshot[operationId=dcc5e5ff-9ee5-4001-9d82-d5e32fb4c5e3, parentId=null, encounterId=b3e80b39-fce0-43e1-8463-4ab6e71e237d, owner=8bd8fcd7-ee19-4d3b-8da2-809ae90559aa, source=8bd8fcd7-ee19-4d3b-8da2-809ae90559aa, target=null, serverTick=821, encounterVersion=0, sourceCell=GridCell[x=5044495, y=93, z=-14816463], targetCell=GridCell[x=5044498, y=92, z=-14816463], kind=PLAN, observationEpoch=b8af8fe2-2d00-4687-b093-8829b17710e8, intent=TacticalIntent[behaviorId=dndturn:experience_bottle, behaviorVersion=1, hand=MAIN_HAND, capability=USE_ITEM, target=Target[kind=BLOCK, dimension=minecraft:overworld, entity=null, cell=GridCell[x=5044498, y=92, z=-14816463], face=1, x=0.5, y=1.0, z=0.5], item=ItemReference[slot=0, revision=fd6a5b8703a8af073dab83a70d5f4c34a3d22d624fca091139127d9e67a672ea], source=AbilitySource[kind=EQUIPMENT, hand=MAIN_HAND, item=ItemReference[slot=0, revision=fd6a5b8703a8af073dab83a70d5f4c34a3d22d624fca091139127d9e67a672ea], provider=null, version=0, actor=null, instance=null, grant=null], approach=null]], step=0, outcome=COMPLETED, reason=world interaction accepted, actualMovementTicks=0, actualDamage=0.0, publishedVersion=4, terminal=true, damageTrace=null, conclusion=ExecutionConclusion[effect=COMPLETED, release=RELEASED, releaseReason=], failure=Details[code=NONE, retry=NONE]], Result[snapshot=Snapshot[operationId=29a18d40-6aca-4eb9-aba5-583e285660c3, parentId=null, encounterId=b3e80b39-fce0-43e1-8463-4ab6e71e237d, owner=8bd8fcd7-ee19-4d3b-8da2-809ae90559aa, source=8bd8fcd7-ee19-4d3b-8da2-809ae90559aa, target=null, serverTick=826, encounterVersion=4, sourceCell=GridCell[x=5044495, y=93, z=-14816463], targetCell=null, kind=END_TURN, observationEpoch=b8af8fe2-2d00-4687-b093-8829b17710e8, intent=null], step=0, outcome=COMPLETED, reason=turn ended, actualMovementTicks=0, actualDamage=0.0, publishedVersion=6, terminal=true, damageTrace=null, conclusion=null, failure=Details[code=NONE, retry=NONE]]] on tick 301
[18:23:56] [Server thread/INFO] [minecraft/GameTestRunner]: Running test environment 'minecraft:default' batch 0 (21 tests)...
[18:23:56] [Server thread/INFO] [minecraft/GameTestServer]: [+++++++++++++++X                                               ]
[18:23:56] [Server thread/INFO] [minecraft/GameTestServer]: [+++++++++++++++X+                                              ]
[18:23:56] [Server thread/INFO] [minecraft/GameTestServer]: [+++++++++++++++X+                                              ]
[18:23:56] [Server thread/INFO] [minecraft/GameTestServer]: [+++++++++++++++X+                                              ]
[18:23:56] [Server thread/INFO] [minecraft/GameTestServer]: [+++++++++++++++X+                                              ]
[18:23:56] [Server thread/INFO] [minecraft/GameTestServer]: [+++++++++++++++X+                                              ]
[18:23:56] [Server thread/INFO] [minecraft/GameTestServer]: [+++++++++++++++X+                                              ]
[18:23:56] [Server thread/INFO] [minecraft/GameTestServer]: [+++++++++++++++X+                                              ]
[18:23:56] [Server thread/INFO] [minecraft/GameTestServer]: [+++++++++++++++X+                                              ]
[18:23:56] [Server thread/INFO] [minecraft/GameTestServer]: [+++++++++++++++X+                                              ]
[18:23:56] [Server thread/INFO] [minecraft/GameTestServer]: [+++++++++++++++X+                                              ]
[18:23:56] [Server thread/INFO] [minecraft/GameTestServer]: [+++++++++++++++X+                                              ]
[18:23:56] [Server thread/INFO] [minecraft/GameTestServer]: [+++++++++++++++X+                                              ]
[18:23:56] [Server thread/INFO] [minecraft/GameTestServer]: [+++++++++++++++X+                                              ]
[18:23:56] [Server thread/INFO] [minecraft/GameTestServer]: [+++++++++++++++X+                                              ]
[18:23:56] [Server thread/INFO] [minecraft/GameTestServer]: [+++++++++++++++X+                                              ]
[18:23:56] [Server thread/INFO] [minecraft/GameTestServer]: [+++++++++++++++X+                                              ]
[18:23:56] [Server thread/INFO] [minecraft/GameTestServer]: [+++++++++++++++X+                                              ]
[18:23:56] [Server thread/INFO] [minecraft/GameTestServer]: [+++++++++++++++X+                                              ]
[18:23:56] [Server thread/INFO] [minecraft/GameTestServer]: [+++++++++++++++X+                                              ]
[18:23:56] [Server thread/INFO] [minecraft/GameTestServer]: [+++++++++++++++X+                                              ]
[18:23:56] [Server thread/INFO] [minecraft/GameTestServer]: [+++++++++++++++X+                                              ]
[18:23:56] [Server thread/INFO] [minecraft/GameTestServer]: [+++++++++++++++X+                                              ]
[18:23:56] [Server thread/INFO] [minecraft/GameTestServer]: [+++++++++++++++X+                                              ]
[18:23:56] [Server thread/INFO] [minecraft/GameTestServer]: [+++++++++++++++X+                                              ]
[18:23:56] [Server thread/INFO] [minecraft/GameTestServer]: [+++++++++++++++X+                                              ]
[18:23:56] [Server thread/INFO] [minecraft/GameTestServer]: [+++++++++++++++X+                                              ]
[18:23:56] [Server thread/INFO] [minecraft/GameTestServer]: [+++++++++++++++X+                                              ]
[18:23:56] [Server thread/INFO] [minecraft/GameTestServer]: [+++++++++++++++X+                                              ]
[18:23:56] [Server thread/INFO] [minecraft/GameTestServer]: [+++++++++++++++X+                                              ]
[18:23:56] [Server thread/INFO] [minecraft/GameTestServer]: [+++++++++++++++X+                                              ]
[18:23:56] [Server thread/INFO] [minecraft/GameTestServer]: [+++++++++++++++X+                                              ]
[18:23:56] [Server thread/INFO] [minecraft/GameTestServer]: [+++++++++++++++X+                                              ]
[18:23:56] [Server thread/INFO] [minecraft/GameTestServer]: [+++++++++++++++X+                                              ]
[18:23:56] [Server thread/INFO] [minecraft/GameTestServer]: [+++++++++++++++X+                                              ]
[18:23:56] [Server thread/INFO] [minecraft/GameTestServer]: [+++++++++++++++X+                                              ]
[18:23:56] [Server thread/INFO] [minecraft/GameTestServer]: [+++++++++++++++X+                                              ]
[18:23:56] [Server thread/INFO] [minecraft/GameTestServer]: [+++++++++++++++X+                                              ]
[18:23:56] [Server thread/INFO] [minecraft/GameTestServer]: [+++++++++++++++X+                                              ]
[18:23:56] [Server thread/INFO] [minecraft/GameTestServer]: [+++++++++++++++X+                                              ]
[18:23:56] [Server thread/INFO] [minecraft/GameTestServer]: [+++++++++++++++X+                                              ]
[18:23:56] [Server thread/INFO] [minecraft/GameTestServer]: [+++++++++++++++X+                                              ]
[18:23:56] [Server thread/INFO] [minecraft/GameTestServer]: [+++++++++++++++X+                                              ]
[18:23:56] [Server thread/INFO] [minecraft/GameTestServer]: [+++++++++++++++X+                                              ]
[18:23:56] [Server thread/INFO] [minecraft/GameTestServer]: [+++++++++++++++X+                                              ]
[18:23:56] [Server thread/INFO] [minecraft/GameTestServer]: [+++++++++++++++X+                                              ]
[18:23:56] [Server thread/INFO] [minecraft/GameTestServer]: [+++++++++++++++X+                                              ]
[18:23:56] [Server thread/INFO] [minecraft/GameTestServer]: [+++++++++++++++X+                                              ]
[18:23:56] [Server thread/INFO] [minecraft/GameTestServer]: [+++++++++++++++X+                                              ]
[18:23:56] [Server thread/INFO] [minecraft/GameTestServer]: [+++++++++++++++X+                                              ]
[18:23:56] [Server thread/INFO] [minecraft/GameTestServer]: [+++++++++++++++X+                                              ]
[18:23:56] [Server thread/INFO] [minecraft/GameTestServer]: [+++++++++++++++X+                                              ]
[18:23:56] [Server thread/INFO] [minecraft/GameTestServer]: [+++++++++++++++X+                                              ]
[18:23:56] [Server thread/INFO] [minecraft/GameTestServer]: [+++++++++++++++X+                                              ]
[18:23:56] [Server thread/INFO] [minecraft/GameTestServer]: [+++++++++++++++X+                                              ]
[18:23:56] [Server thread/INFO] [minecraft/GameTestServer]: [+++++++++++++++X+                                              ]
[18:23:56] [Server thread/INFO] [minecraft/GameTestServer]: [+++++++++++++++X+                                              ]
[18:23:56] [Server thread/INFO] [minecraft/GameTestServer]: [+++++++++++++++X+                                              ]
[18:23:56] [Server thread/INFO] [minecraft/GameTestServer]: [+++++++++++++++X+                                              ]
[18:23:56] [Server thread/INFO] [minecraft/GameTestServer]: [+++++++++++++++X+                                              ]
[18:23:56] [Server thread/INFO] [minecraft/GameTestServer]: [+++++++++++++++X+                                              ]
[18:23:56] [Server thread/INFO] [minecraft/GameTestServer]: [+++++++++++++++X+                                              ]
[18:23:56] [Server thread/INFO] [minecraft/GameTestServer]: [+++++++++++++++X+                                              ]
[18:23:56] [Server thread/INFO] [minecraft/GameTestServer]: [+++++++++++++++X+                                              ]
[18:23:56] [Server thread/INFO] [minecraft/GameTestServer]: [+++++++++++++++X+                                              ]
[18:23:56] [Server thread/INFO] [minecraft/GameTestServer]: [+++++++++++++++X+                                              ]
[18:23:56] [Server thread/INFO] [minecraft/GameTestServer]: [+++++++++++++++X+                                              ]
[18:23:56] [Server thread/INFO] [minecraft/GameTestServer]: [+++++++++++++++X+                                              ]
[18:23:56] [Server thread/INFO] [minecraft/GameTestServer]: [+++++++++++++++X+                                              ]
[18:23:56] [Server thread/INFO] [minecraft/GameTestServer]: [+++++++++++++++X+                                              ]
[18:23:56] [Server thread/INFO] [minecraft/GameTestServer]: [+++++++++++++++X+                                              ]
[18:23:56] [Server thread/INFO] [minecraft/GameTestServer]: [+++++++++++++++X+                                              ]
[18:23:56] [Server thread/INFO] [minecraft/GameTestServer]: [+++++++++++++++X+                                              ]
[18:23:56] [Server thread/INFO] [minecraft/GameTestServer]: [+++++++++++++++X+                                              ]
[18:23:56] [Server thread/INFO] [minecraft/GameTestServer]: [+++++++++++++++X+                                              ]
[18:23:56] [Server thread/INFO] [minecraft/GameTestServer]: [+++++++++++++++X+                                              ]
[18:23:56] [Server thread/INFO] [minecraft/GameTestServer]: [+++++++++++++++X+                                              ]
[18:23:56] [Server thread/INFO] [minecraft/GameTestServer]: [+++++++++++++++X+                                              ]
[18:23:56] [Server thread/INFO] [minecraft/GameTestServer]: [+++++++++++++++X+                                              ]
[18:23:56] [Server thread/INFO] [minecraft/GameTestServer]: [+++++++++++++++X+                                              ]
[18:23:56] [Server thread/INFO] [minecraft/GameTestServer]: [+++++++++++++++X+                                              ]
[18:23:56] [Server thread/INFO] [minecraft/GameTestServer]: [+++++++++++++++X+                                              ]
[18:23:56] [Server thread/INFO] [minecraft/GameTestServer]: [+++++++++++++++X+                                              ]
[18:23:57] [Server thread/INFO] [minecraft/GameTestServer]: [+++++++++++++++X+                                              ]
[18:23:57] [Server thread/INFO] [minecraft/GameTestServer]: [+++++++++++++++X+                                              ]
[18:23:57] [Server thread/INFO] [minecraft/GameTestServer]: [+++++++++++++++X+                                              ]
[18:23:57] [Server thread/INFO] [minecraft/GameTestServer]: [+++++++++++++++X+                                              ]
[18:23:57] [Server thread/INFO] [minecraft/GameTestServer]: [+++++++++++++++X+                                              ]
[18:23:57] [Server thread/INFO] [minecraft/GameTestServer]: [+++++++++++++++X+                                              ]
[18:23:57] [Server thread/INFO] [minecraft/GameTestServer]: [+++++++++++++++X+                                              ]
[18:23:57] [Server thread/INFO] [minecraft/GameTestServer]: [+++++++++++++++X+                                              ]
[18:23:57] [Server thread/INFO] [minecraft/GameTestServer]: [+++++++++++++++X+                                              ]
[18:23:57] [Server thread/INFO] [minecraft/GameTestServer]: [+++++++++++++++X+                                              ]
[18:23:57] [Server thread/INFO] [minecraft/GameTestServer]: [+++++++++++++++X+                                              ]
[18:23:57] [Server thread/INFO] [minecraft/GameTestServer]: [+++++++++++++++X+                                              ]
[18:23:57] [Server thread/INFO] [minecraft/GameTestServer]: [+++++++++++++++X+                                              ]
[18:23:57] [Server thread/INFO] [minecraft/GameTestServer]: [+++++++++++++++X+                                              ]
[18:23:57] [Server thread/INFO] [minecraft/GameTestServer]: [+++++++++++++++X+                                              ]
[18:23:57] [Server thread/INFO] [minecraft/GameTestServer]: [+++++++++++++++X+                                              ]
[18:23:57] [Server thread/INFO] [minecraft/GameTestServer]: [+++++++++++++++X+                                              ]
[18:23:57] [Server thread/INFO] [minecraft/GameTestServer]: [+++++++++++++++X+                                              ]
[18:23:57] [Server thread/INFO] [minecraft/GameTestServer]: [+++++++++++++++X+                                              ]
[18:23:57] [Server thread/INFO] [minecraft/GameTestServer]: [+++++++++++++++X+                                              ]
[18:23:57] [Server thread/INFO] [minecraft/GameTestServer]: [+++++++++++++++X+                                              ]
[18:23:57] [Server thread/INFO] [minecraft/GameTestServer]: [+++++++++++++++X+                                              ]
[18:23:57] [Server thread/INFO] [minecraft/GameTestServer]: [+++++++++++++++X+                                              ]
[18:23:57] [Server thread/INFO] [minecraft/GameTestServer]: [+++++++++++++++X+                                              ]
[18:23:57] [Server thread/INFO] [minecraft/GameTestServer]: [+++++++++++++++X+                                              ]
[18:23:57] [Server thread/INFO] [minecraft/GameTestServer]: [+++++++++++++++X+                                              ]
[18:23:57] [Server thread/INFO] [minecraft/GameTestServer]: [+++++++++++++++X+                                              ]
[18:23:57] [Server thread/INFO] [minecraft/GameTestServer]: [+++++++++++++++X+                                              ]
[18:23:57] [Server thread/INFO] [minecraft/GameTestServer]: [+++++++++++++++X+                                              ]
[18:23:57] [Server thread/INFO] [minecraft/GameTestServer]: [+++++++++++++++X+                                              ]
[18:23:57] [Server thread/INFO] [minecraft/GameTestServer]: [+++++++++++++++X+                                              ]
[18:23:57] [Server thread/INFO] [minecraft/GameTestServer]: [+++++++++++++++X+                                              ]
[18:23:57] [Server thread/INFO] [minecraft/GameTestServer]: [+++++++++++++++X+                                              ]
[18:23:57] [Server thread/INFO] [minecraft/GameTestServer]: [+++++++++++++++X+                                              ]
[18:23:57] [Server thread/INFO] [minecraft/GameTestServer]: [+++++++++++++++X+                                              ]
[18:23:57] [Server thread/INFO] [minecraft/GameTestServer]: [+++++++++++++++X+                                              ]
[18:23:57] [Server thread/INFO] [minecraft/GameTestServer]: [+++++++++++++++X+                                              ]
[18:23:57] [Server thread/INFO] [minecraft/GameTestServer]: [+++++++++++++++X+                                              ]
[18:23:57] [Server thread/INFO] [minecraft/GameTestServer]: [+++++++++++++++X+                                              ]
[18:23:57] [Server thread/INFO] [minecraft/GameTestServer]: [+++++++++++++++X+                                              ]
[18:23:57] [Server thread/INFO] [minecraft/GameTestServer]: [+++++++++++++++X+                                              ]
[18:23:57] [Server thread/INFO] [minecraft/GameTestServer]: [+++++++++++++++X+                                              ]
[18:23:57] [Server thread/INFO] [minecraft/GameTestServer]: [+++++++++++++++X+                                              ]
[18:23:57] [Server thread/INFO] [minecraft/GameTestServer]: [+++++++++++++++X+                                              ]
[18:23:57] [Server thread/INFO] [minecraft/GameTestServer]: [+++++++++++++++X+                                              ]
[18:23:57] [Server thread/INFO] [minecraft/GameTestServer]: [+++++++++++++++X+                                              ]
[18:23:57] [Server thread/INFO] [minecraft/GameTestServer]: [+++++++++++++++X+                                              ]
[18:23:57] [Server thread/INFO] [minecraft/GameTestServer]: [+++++++++++++++X+                                              ]
[18:23:57] [Server thread/INFO] [minecraft/GameTestServer]: [+++++++++++++++X+                                              ]
[18:23:57] [Server thread/INFO] [minecraft/GameTestServer]: [+++++++++++++++X+                                              ]
[18:23:57] [Server thread/INFO] [minecraft/GameTestServer]: [+++++++++++++++X+                                              ]
[18:23:57] [Server thread/INFO] [minecraft/GameTestServer]: [+++++++++++++++X+                                              ]
[18:23:57] [Server thread/INFO] [minecraft/GameTestServer]: [+++++++++++++++X+                                              ]
[18:23:57] [Server thread/INFO] [minecraft/GameTestServer]: [+++++++++++++++X+                                              ]
[18:23:57] [Server thread/INFO] [minecraft/GameTestServer]: [+++++++++++++++X+                                              ]
[18:23:57] [Server thread/INFO] [minecraft/GameTestServer]: [+++++++++++++++X+                                              ]
[18:23:57] [Server thread/INFO] [minecraft/GameTestServer]: [+++++++++++++++X+                                              ]
[18:23:57] [Server thread/INFO] [minecraft/GameTestServer]: [+++++++++++++++X+                                              ]
[18:23:57] [Server thread/INFO] [minecraft/GameTestServer]: [+++++++++++++++X+                                              ]
[18:23:57] [Server thread/INFO] [minecraft/GameTestServer]: [+++++++++++++++X+                                              ]
[18:23:57] [Server thread/INFO] [minecraft/GameTestServer]: [+++++++++++++++X+                                              ]
[18:23:57] [Server thread/INFO] [minecraft/GameTestServer]: [+++++++++++++++X+                                              ]
[18:23:57] [Server thread/INFO] [minecraft/GameTestServer]: [+++++++++++++++X+                                              ]
[18:23:57] [Server thread/INFO] [minecraft/GameTestServer]: [+++++++++++++++X+                                              ]
[18:23:57] [Server thread/INFO] [minecraft/GameTestServer]: [+++++++++++++++X+                                              ]
[18:23:57] [Server thread/INFO] [minecraft/GameTestServer]: [+++++++++++++++X+                                              ]
[18:23:57] [Server thread/INFO] [minecraft/GameTestServer]: [+++++++++++++++X+                                              ]
[18:23:57] [Server thread/INFO] [minecraft/GameTestServer]: [+++++++++++++++X+                                              ]
[18:23:57] [Server thread/INFO] [minecraft/GameTestServer]: [+++++++++++++++X+                                              ]
[18:23:57] [Server thread/INFO] [minecraft/GameTestServer]: [+++++++++++++++X+                                              ]
[18:23:57] [Server thread/INFO] [minecraft/GameTestServer]: [+++++++++++++++X+                                              ]
[18:23:57] [Server thread/INFO] [minecraft/GameTestServer]: [+++++++++++++++X+                                              ]
[18:23:57] [Server thread/INFO] [minecraft/GameTestServer]: [+++++++++++++++X+                                              ]
[18:23:57] [Server thread/INFO] [minecraft/PlayerList]: test-mock-player[embedded] logged in with entity id 64 at (0.0, 0.0, 0.0)
[18:23:57] [Server thread/INFO] [minecraft/MinecraftServer]: test-mock-player joined the game
[18:23:57] [Server thread/INFO] [minecraft/PlayerList]: exit-test-player[embedded] logged in with entity id 68 at (0.0, 0.0, 0.0)
[18:23:57] [Server thread/INFO] [minecraft/MinecraftServer]: exit-test-player joined the game
[18:23:57] [Server thread/INFO] [minecraft/PlayerList]: exit-test-player[embedded] logged in with entity id 70 at (0.0, 0.0, 0.0)
[18:23:57] [Server thread/INFO] [minecraft/MinecraftServer]: exit-test-player joined the game
[18:23:57] [Server thread/INFO] [minecraft/PlayerList]: tactical-test[embedded] logged in with entity id 71 at (0.0, 0.0, 0.0)
[18:23:57] [Server thread/INFO] [minecraft/MinecraftServer]: tactical-test joined the game
[18:23:57] [Server thread/INFO] [minecraft/PlayerList]: test-mock-player[embedded] logged in with entity id 75 at (0.0, 0.0, 0.0)
[18:23:57] [Server thread/INFO] [minecraft/MinecraftServer]: test-mock-player joined the game
[18:23:58] [Server thread/ERROR] [cc.si.dn.co.ServerCombatService/]: Combat save cannot be safely restored; preserving it and disabling new encounters
java.lang.IllegalArgumentException: active encounter lacks captured settings or session sequence
	at TRANSFORMER/dndturn@1.0.0-SNAPSHOT/cc.sighs.dndturn.combat.CombatRecoveryCandidate.validate(CombatRecoveryCandidate.java:13) ~[main/:?] {}
	at TRANSFORMER/dndturn@1.0.0-SNAPSHOT/cc.sighs.dndturn.combat.ServerCombatService.<init>(ServerCombatService.java:298) [main/:?] {}
	at TRANSFORMER/dndturn@1.0.0-SNAPSHOT/cc.sighs.dndturn.combat.ServerCombatService.restoreForGameTest(ServerCombatService.java:384) [main/:?] {}
	at TRANSFORMER/dndturn@1.0.0-SNAPSHOT/cc.sighs.dndturn.gametest.RepairGameTests.values(RepairGameTests.java:124) [main/:?] {}
	at TRANSFORMER/minecraft@26.1.2/net.minecraft.gametest.framework.FunctionGameTestInstance.run(FunctionGameTestInstance.java:34) [minecraft-patched-26.1.2.84.jar:?] {}
	at TRANSFORMER/minecraft@26.1.2/net.minecraft.gametest.framework.GameTestInfo.startTest(GameTestInfo.java:163) [minecraft-patched-26.1.2.84.jar:?] {neoforge:access_transformer}
	at TRANSFORMER/minecraft@26.1.2/net.minecraft.gametest.framework.GameTestInfo.tickInternal(GameTestInfo.java:119) [minecraft-patched-26.1.2.84.jar:?] {neoforge:access_transformer}
	at TRANSFORMER/minecraft@26.1.2/net.minecraft.gametest.framework.GameTestInfo.tick(GameTestInfo.java:104) [minecraft-patched-26.1.2.84.jar:?] {neoforge:access_transformer}
	at TRANSFORMER/minecraft@26.1.2/net.minecraft.gametest.framework.GameTestTicker.lambda$tick$0(GameTestTicker.java:47) [minecraft-patched-26.1.2.84.jar:?] {}
	at java.base/java.util.concurrent.CopyOnWriteArrayList.forEach(CopyOnWriteArrayList.java:905) [?:?] {}
	at TRANSFORMER/minecraft@26.1.2/net.minecraft.gametest.framework.GameTestTicker.tick(GameTestTicker.java:47) [minecraft-patched-26.1.2.84.jar:?] {}
	at TRANSFORMER/minecraft@26.1.2/net.minecraft.server.MinecraftServer.tickChildren(MinecraftServer.java:1171) [minecraft-patched-26.1.2.84.jar:?] {neoforge:access_transformer,neoforge:access_transformer,neoforge:mixin[APP:dndturn.mixins.json:MinecraftServerWorldTickBoundaryMixin from mod dndturn]}
	at TRANSFORMER/minecraft@26.1.2/net.minecraft.server.MinecraftServer.tickServer(MinecraftServer.java:1003) [minecraft-patched-26.1.2.84.jar:?] {neoforge:access_transformer,neoforge:access_transformer,neoforge:mixin[APP:dndturn.mixins.json:MinecraftServerWorldTickBoundaryMixin from mod dndturn]}
	at TRANSFORMER/minecraft@26.1.2/net.minecraft.gametest.framework.GameTestServer.tickServer(GameTestServer.java:255) [minecraft-patched-26.1.2.84.jar:?] {}
	at TRANSFORMER/minecraft@26.1.2/net.minecraft.server.MinecraftServer.processPacketsAndTick(MinecraftServer.java:1035) [minecraft-patched-26.1.2.84.jar:?] {neoforge:access_transformer,neoforge:access_transformer,neoforge:mixin[APP:dndturn.mixins.json:MinecraftServerWorldTickBoundaryMixin from mod dndturn]}
	at TRANSFORMER/minecraft@26.1.2/net.minecraft.server.MinecraftServer.runServer(MinecraftServer.java:776) [minecraft-patched-26.1.2.84.jar:?] {neoforge:access_transformer,neoforge:access_transformer,neoforge:mixin[APP:dndturn.mixins.json:MinecraftServerWorldTickBoundaryMixin from mod dndturn]}
	at TRANSFORMER/minecraft@26.1.2/net.minecraft.server.MinecraftServer.lambda$spin$0(MinecraftServer.java:300) [minecraft-patched-26.1.2.84.jar:?] {neoforge:access_transformer,neoforge:access_transformer,neoforge:mixin[APP:dndturn.mixins.json:MinecraftServerWorldTickBoundaryMixin from mod dndturn]}
	at java.base/java.lang.Thread.run(Thread.java:1474) [?:?] {}
[18:23:58] [Server thread/INFO] [minecraft/PlayerList]: test-mock-player[embedded] logged in with entity id 83 at (0.0, 0.0, 0.0)
[18:23:58] [Server thread/INFO] [minecraft/MinecraftServer]: test-mock-player joined the game
[18:23:58] [Server thread/WARN] [cc.si.dn.co.ServerCombatService/]: Restored encounter 5dfd568b-f12f-44d4-9fff-dcc1385767db released: membersPresent=false unknownOperations=1
[18:23:58] [Server thread/INFO] [minecraft/PlayerList]: test-mock-player[embedded] logged in with entity id 85 at (0.0, 0.0, 0.0)
[18:23:58] [Server thread/INFO] [minecraft/MinecraftServer]: test-mock-player joined the game
[18:23:58] [Server thread/INFO] [minecraft/PlayerList]: test-mock-player[embedded] logged in with entity id 87 at (0.0, 0.0, 0.0)
[18:23:58] [Server thread/INFO] [minecraft/MinecraftServer]: test-mock-player joined the game
[18:23:58] [Server thread/INFO] [minecraft/PlayerList]: test-mock-player[embedded] logged in with entity id 89 at (0.0, 0.0, 0.0)
[18:23:58] [Server thread/INFO] [minecraft/MinecraftServer]: test-mock-player joined the game
[18:23:58] [Server thread/INFO] [minecraft/MinecraftServer]: test-mock-player has made the advancement [Monster Hunter]
[18:23:58] [Server thread/INFO] [minecraft/PlayerList]: test-mock-player[embedded] logged in with entity id 93 at (0.0, 0.0, 0.0)
[18:23:58] [Server thread/INFO] [minecraft/MinecraftServer]: test-mock-player joined the game
[18:23:58] [Server thread/INFO] [minecraft/PlayerList]: candidate-review-player[embedded] logged in with entity id 95 at (0.0, 0.0, 0.0)
[18:23:58] [Server thread/INFO] [minecraft/MinecraftServer]: candidate-review-player joined the game
[18:23:58] [Server thread/INFO] [minecraft/PlayerList]: test-mock-player[embedded] logged in with entity id 98 at (0.0, 0.0, 0.0)
[18:23:58] [Server thread/INFO] [minecraft/MinecraftServer]: test-mock-player joined the game
[18:23:58] [Server thread/INFO] [minecraft/PlayerList]: test-mock-player[embedded] logged in with entity id 100 at (0.0, 0.0, 0.0)
[18:23:58] [Server thread/INFO] [minecraft/MinecraftServer]: test-mock-player joined the game
[18:23:58] [Server thread/INFO] [minecraft/GameTestServer]: [+++++++++++++++X+___++++++++_++_+_++_                          ]
[18:23:58] [Server thread/INFO] [minecraft/PlayerList]: test-mock-player[embedded] logged in with entity id 103 at (0.0, 0.0, 0.0)
[18:23:58] [Server thread/INFO] [minecraft/MinecraftServer]: test-mock-player joined the game
[18:23:58] [Server thread/INFO] [minecraft/PlayerList]: test-mock-player[embedded] logged in with entity id 104 at (0.0, 0.0, 0.0)
[18:23:58] [Server thread/INFO] [minecraft/MinecraftServer]: test-mock-player joined the game
[18:23:58] [Server thread/INFO] [minecraft/GameTestServer]: [+++++++++++++++X++++++++++++_++_+_+++                          ]
[18:23:58] [Server thread/INFO] [minecraft/PlayerList]: test-mock-player[embedded] logged in with entity id 113 at (0.0, 0.0, 0.0)
[18:23:58] [Server thread/INFO] [minecraft/MinecraftServer]: test-mock-player joined the game
[18:23:58] [Server thread/INFO] [minecraft/GameTestServer]: [+++++++++++++++X++++++++++++_++_+++++                          ]
[18:23:58] [Server thread/INFO] [minecraft/GameTestServer]: [+++++++++++++++X++++++++++++_++_+++++                          ]
[18:23:59] [Server thread/INFO] [minecraft/GameTestServer]: [+++++++++++++++X+++++++++++++++_+++++                          ]
[18:23:59] [Server thread/INFO] [minecraft/GameTestServer]: [+++++++++++++++X+++++++++++++++_+++++                          ]
[18:23:59] [Server thread/INFO] [minecraft/GameTestServer]: [+++++++++++++++X+++++++++++++++_+++++                          ]
[18:23:59] [Server thread/INFO] [minecraft/GameTestServer]: [+++++++++++++++X+++++++++++++++_+++++                          ]
[18:23:59] [Server thread/INFO] [minecraft/GameTestServer]: [+++++++++++++++X+++++++++++++++_+++++                          ]
[18:23:59] [Server thread/INFO] [minecraft/GameTestRunner]: Running test environment 'dndturn:movement_lease_exit' batch 0 (1 tests)...
[18:23:59] [Server thread/INFO] [minecraft/GameTestServer]: [+++++++++++++++X+++++++++++++++++++++_                         ]
[18:23:59] [Server thread/INFO] [minecraft/GameTestServer]: [+++++++++++++++X+++++++++++++++++++++_                         ]
[18:23:59] [Server thread/INFO] [minecraft/PlayerList]: test-mock-player[embedded] logged in with entity id 116 at (0.0, 0.0, 0.0)
[18:23:59] [Server thread/INFO] [minecraft/MinecraftServer]: test-mock-player joined the game
[18:23:59] [Server thread/INFO] [minecraft/GameTestRunner]: Running test environment 'dndturn:scheduled_tick_hold' batch 0 (1 tests)...
[18:23:59] [Server thread/INFO] [minecraft/GameTestServer]: [+++++++++++++++X++++++++++++++++++++++_                        ]
[18:23:59] [Server thread/INFO] [minecraft/GameTestServer]: [+++++++++++++++X++++++++++++++++++++++_                        ]
[18:23:59] [Server thread/INFO] [minecraft/PlayerList]: test-mock-player[embedded] logged in with entity id 118 at (0.0, 0.0, 0.0)
[18:23:59] [Server thread/INFO] [minecraft/MinecraftServer]: test-mock-player joined the game
[18:23:59] [Server thread/INFO] [minecraft/GameTestRunner]: Running test environment 'dndturn:participant_fire' batch 0 (1 tests)...
[18:23:59] [Server thread/INFO] [minecraft/PlayerList]: tactical-test[embedded] logged in with entity id 122 at (0.0, 0.0, 0.0)
[18:23:59] [Server thread/INFO] [minecraft/MinecraftServer]: tactical-test joined the game
[18:23:59] [Server thread/INFO] [minecraft/GameTestServer]: [+++++++++++++++X+++++++++++++++++++++++_                       ]
[18:23:59] [Server thread/INFO] [minecraft/GameTestServer]: [+++++++++++++++X+++++++++++++++++++++++_                       ]
[18:23:59] [Server thread/INFO] [minecraft/GameTestRunner]: Running test environment 'dndturn:environment_tnt' batch 0 (1 tests)...
[18:23:59] [Server thread/INFO] [minecraft/GameTestServer]: [+++++++++++++++X++++++++++++++++++++++++                       ]
[18:24:00] [Server thread/INFO] [minecraft/PlayerList]: test-mock-player[embedded] logged in with entity id 125 at (0.0, 0.0, 0.0)
[18:24:00] [Server thread/INFO] [minecraft/MinecraftServer]: test-mock-player joined the game
[18:24:00] [Server thread/INFO] [minecraft/GameTestServer]: [+++++++++++++++X++++++++++++++++++++++++_                      ]
[18:24:00] [Server thread/INFO] [minecraft/GameTestServer]: [+++++++++++++++X++++++++++++++++++++++++_                      ]
[18:24:00] [Server thread/INFO] [minecraft/GameTestServer]: [+++++++++++++++X++++++++++++++++++++++++_                      ]
[18:24:00] [Server thread/INFO] [minecraft/GameTestServer]: [+++++++++++++++X++++++++++++++++++++++++_                      ]
[18:24:00] [Server thread/INFO] [minecraft/GameTestServer]: [+++++++++++++++X++++++++++++++++++++++++_                      ]
[18:24:00] [Server thread/INFO] [minecraft/GameTestServer]: [+++++++++++++++X++++++++++++++++++++++++_                      ]
[18:24:00] [Server thread/INFO] [minecraft/GameTestServer]: [+++++++++++++++X++++++++++++++++++++++++_                      ]
[18:24:00] [Server thread/INFO] [minecraft/GameTestServer]: [+++++++++++++++X++++++++++++++++++++++++_                      ]
[18:24:00] [Server thread/INFO] [minecraft/GameTestRunner]: Running test environment 'dndturn:navigation_regressions' batch 0 (1 tests)...
[18:24:00] [Server thread/INFO] [minecraft/GameTestServer]: [+++++++++++++++X+++++++++++++++++++++++++_                     ]
[18:24:00] [Server thread/INFO] [minecraft/GameTestServer]: [+++++++++++++++X+++++++++++++++++++++++++_                     ]
[18:24:00] [Server thread/INFO] [minecraft/PlayerList]: tactical-test[embedded] logged in with entity id 131 at (0.0, 0.0, 0.0)
[18:24:00] [Server thread/INFO] [minecraft/MinecraftServer]: tactical-test joined the game
[18:24:00] [Server thread/INFO] [minecraft/GameTestRunner]: Running test environment 'dndturn:movement_regressions' batch 0 (1 tests)...
[18:24:00] [Server thread/INFO] [minecraft/GameTestServer]: [+++++++++++++++X++++++++++++++++++++++++++_                    ]
[18:24:00] [Server thread/INFO] [minecraft/GameTestServer]: [+++++++++++++++X++++++++++++++++++++++++++_                    ]
[18:24:00] [Server thread/INFO] [minecraft/GameTestServer]: [+++++++++++++++X++++++++++++++++++++++++++_                    ]
[18:24:00] [Server thread/INFO] [minecraft/PlayerList]: tactical-test[embedded] logged in with entity id 133 at (0.0, 0.0, 0.0)
[18:24:00] [Server thread/INFO] [minecraft/MinecraftServer]: tactical-test joined the game
[18:24:00] [Server thread/INFO] [minecraft/GameTestRunner]: Running test environment 'dndturn:prototype_environment_loop' batch 0 (1 tests)...
[18:24:00] [Server thread/INFO] [minecraft/GameTestServer]: [+++++++++++++++X+++++++++++++++++++++++++++_                   ]
[18:24:00] [Server thread/INFO] [minecraft/GameTestServer]: [+++++++++++++++X+++++++++++++++++++++++++++_                   ]
[18:24:00] [Server thread/INFO] [minecraft/PlayerList]: test-mock-player[embedded] logged in with entity id 140 at (0.0, 0.0, 0.0)
[18:24:00] [Server thread/INFO] [minecraft/MinecraftServer]: test-mock-player joined the game
[18:24:00] [Server thread/INFO] [minecraft/GameTestRunner]: Running test environment 'dndturn:environment_classification' batch 0 (1 tests)...
[18:24:00] [Server thread/INFO] [minecraft/PlayerList]: test-mock-player[embedded] logged in with entity id 147 at (0.0, 0.0, 0.0)
[18:24:00] [Server thread/INFO] [minecraft/MinecraftServer]: test-mock-player joined the game
[18:24:00] [Server thread/INFO] [minecraft/GameTestServer]: [+++++++++++++++X++++++++++++++++++++++++++++_                  ]
[18:24:00] [Server thread/INFO] [minecraft/GameTestServer]: [+++++++++++++++X++++++++++++++++++++++++++++_                  ]
[18:24:00] [Server thread/INFO] [minecraft/GameTestRunner]: Running test environment 'dndturn:environment_processes' batch 0 (1 tests)...
[18:24:01] [Server thread/INFO] [minecraft/PlayerList]: test-mock-player[embedded] logged in with entity id 151 at (0.0, 0.0, 0.0)
[18:24:01] [Server thread/INFO] [minecraft/MinecraftServer]: test-mock-player joined the game
[18:24:01] [Server thread/INFO] [minecraft/GameTestServer]: [+++++++++++++++X+++++++++++++++++++++++++++++_                 ]
[18:24:01] [Server thread/INFO] [minecraft/GameTestServer]: [+++++++++++++++X+++++++++++++++++++++++++++++_                 ]
[18:24:01] [Server thread/INFO] [minecraft/GameTestServer]: [+++++++++++++++X+++++++++++++++++++++++++++++_                 ]
[18:24:01] [Server thread/INFO] [minecraft/GameTestRunner]: Running test environment 'dndturn:discovery_cursor' batch 0 (1 tests)...
[18:24:02] [Server thread/INFO] [minecraft/GameTestServer]: [+++++++++++++++X++++++++++++++++++++++++++++++_                ]
[18:24:02] [Server thread/INFO] [minecraft/GameTestRunner]: Running test environment 'dndturn:environment_clock' batch 0 (1 tests)...
[18:24:02] [Server thread/INFO] [minecraft/GameTestServer]: [+++++++++++++++X+++++++++++++++++++++++++++++++                ]
[18:24:02] [Server thread/INFO] [minecraft/PlayerList]: test-mock-player[embedded] logged in with entity id 236 at (0.0, 0.0, 0.0)
[18:24:02] [Server thread/INFO] [minecraft/MinecraftServer]: test-mock-player joined the game
[18:24:02] [Server thread/INFO] [minecraft/GameTestServer]: [+++++++++++++++X+++++++++++++++++++++++++++++++_               ]
[18:24:02] [Server thread/INFO] [minecraft/GameTestServer]: [+++++++++++++++X+++++++++++++++++++++++++++++++_               ]
[18:24:02] [Server thread/INFO] [minecraft/GameTestServer]: [+++++++++++++++X+++++++++++++++++++++++++++++++_               ]
[18:24:02] [Server thread/INFO] [minecraft/GameTestServer]: [+++++++++++++++X+++++++++++++++++++++++++++++++_               ]
[18:24:02] [Server thread/INFO] [minecraft/GameTestServer]: [+++++++++++++++X+++++++++++++++++++++++++++++++_               ]
[18:24:02] [Server thread/INFO] [minecraft/GameTestRunner]: Running test environment 'dndturn:tactical_plan' batch 0 (1 tests)...
[18:24:02] [Server thread/INFO] [minecraft/GameTestServer]: [+++++++++++++++X++++++++++++++++++++++++++++++++               ]
[18:24:02] [Server thread/INFO] [minecraft/PlayerList]: test-mock-player[embedded] logged in with entity id 239 at (0.0, 0.0, 0.0)
[18:24:02] [Server thread/INFO] [minecraft/MinecraftServer]: test-mock-player joined the game
[18:24:03] [Server thread/INFO] [minecraft/GameTestServer]: [+++++++++++++++X++++++++++++++++++++++++++++++++_              ]
[18:24:03] [Server thread/INFO] [minecraft/MinecraftServer]: test-mock-player has made the advancement [Isn't It Iron Pick]
[18:24:03] [Server thread/INFO] [minecraft/GameTestServer]: [+++++++++++++++X++++++++++++++++++++++++++++++++_              ]
[18:24:03] [Server thread/INFO] [minecraft/GameTestRunner]: Running test environment 'dndturn:tactical_snowball' batch 0 (1 tests)...
[18:24:03] [Server thread/INFO] [minecraft/GameTestServer]: [+++++++++++++++X+++++++++++++++++++++++++++++++++_             ]
[18:24:03] [Server thread/INFO] [minecraft/GameTestServer]: [+++++++++++++++X+++++++++++++++++++++++++++++++++_             ]
[18:24:03] [Server thread/INFO] [minecraft/GameTestServer]: [+++++++++++++++X+++++++++++++++++++++++++++++++++_             ]
[18:24:03] [Server thread/INFO] [minecraft/PlayerList]: test-mock-player[embedded] logged in with entity id 246 at (0.0, 0.0, 0.0)
[18:24:03] [Server thread/INFO] [minecraft/MinecraftServer]: test-mock-player joined the game
[18:24:03] [Server thread/INFO] [minecraft/GameTestServer]: [+++++++++++++++X+++++++++++++++++++++++++++++++++_             ]
[18:24:03] [Server thread/INFO] [minecraft/GameTestRunner]: Running test environment 'dndturn:participant_effects' batch 0 (1 tests)...
[18:24:03] [Server thread/INFO] [minecraft/PlayerList]: tactical-test[embedded] logged in with entity id 249 at (0.0, 0.0, 0.0)
[18:24:03] [Server thread/INFO] [minecraft/MinecraftServer]: tactical-test joined the game
[18:24:03] [Server thread/INFO] [minecraft/GameTestServer]: [+++++++++++++++X++++++++++++++++++++++++++++++++++_            ]
[18:24:03] [Server thread/INFO] [minecraft/GameTestServer]: [+++++++++++++++X++++++++++++++++++++++++++++++++++_            ]
[18:24:03] [Server thread/INFO] [minecraft/GameTestServer]: [+++++++++++++++X++++++++++++++++++++++++++++++++++_            ]
[18:24:04] [Server thread/INFO] [minecraft/GameTestServer]: [+++++++++++++++X++++++++++++++++++++++++++++++++++_            ]
[18:24:04] [Server thread/INFO] [minecraft/GameTestServer]: [+++++++++++++++X++++++++++++++++++++++++++++++++++_            ]
[18:24:04] [Server thread/INFO] [minecraft/MinecraftServer]: tactical-test was slain by Zombie
[18:24:04] [Server thread/INFO] [minecraft/GameTestServer]: [+++++++++++++++X++++++++++++++++++++++++++++++++++_            ]
[18:24:04] [Server thread/INFO] [minecraft/GameTestServer]: [+++++++++++++++X++++++++++++++++++++++++++++++++++_            ]
[18:24:04] [Server thread/INFO] [minecraft/GameTestServer]: [+++++++++++++++X++++++++++++++++++++++++++++++++++_            ]
[18:24:04] [Server thread/INFO] [minecraft/GameTestServer]: [+++++++++++++++X++++++++++++++++++++++++++++++++++_            ]
[18:24:04] [Server thread/INFO] [minecraft/GameTestServer]: [+++++++++++++++X++++++++++++++++++++++++++++++++++_            ]
[18:24:04] [Server thread/INFO] [minecraft/GameTestServer]: [+++++++++++++++X++++++++++++++++++++++++++++++++++_            ]
[18:24:04] [Server thread/INFO] [minecraft/GameTestServer]: [+++++++++++++++X++++++++++++++++++++++++++++++++++_            ]
[18:24:04] [Server thread/INFO] [minecraft/GameTestServer]: [+++++++++++++++X++++++++++++++++++++++++++++++++++_            ]
[18:24:04] [Server thread/INFO] [minecraft/GameTestServer]: [+++++++++++++++X++++++++++++++++++++++++++++++++++_            ]
[18:24:04] [Server thread/INFO] [minecraft/MinecraftServer]: tactical-test withered away
[18:24:04] [Server thread/INFO] [minecraft/GameTestRunner]: Running test environment 'dndturn:tactical_behaviors' batch 0 (3 tests)...
[18:24:04] [Server thread/INFO] [minecraft/PlayerList]: test-mock-player[embedded] logged in with entity id 250 at (0.0, 0.0, 0.0)
[18:24:04] [Server thread/INFO] [minecraft/MinecraftServer]: test-mock-player joined the game
[18:24:04] [Server thread/INFO] [minecraft/PlayerList]: test-mock-player[embedded] logged in with entity id 252 at (0.0, 0.0, 0.0)
[18:24:04] [Server thread/INFO] [minecraft/MinecraftServer]: test-mock-player joined the game
[18:24:04] [Server thread/INFO] [minecraft/PlayerList]: test-mock-player[embedded] logged in with entity id 254 at (0.0, 0.0, 0.0)
[18:24:04] [Server thread/INFO] [minecraft/MinecraftServer]: test-mock-player joined the game
[18:24:04] [Server thread/INFO] [minecraft/MinecraftServer]: test-mock-player has made the advancement [Monster Hunter]
[18:24:04] [Server thread/INFO] [minecraft/LivingEntity]: Named entity Zombie['Behavior target'/255, l='ServerLevel[Test Level]', x=4947476.50, y=93.00, z=-14816402.50] died: death.attack.dndturn.tactical
[18:24:04] [Server thread/INFO] [minecraft/GameTestServer]: [+++++++++++++++X+++++++++++++++++++++++++++++++++++__+         ]
[18:24:04] [Server thread/INFO] [minecraft/GameTestServer]: [+++++++++++++++X+++++++++++++++++++++++++++++++++++__+         ]
[18:24:04] [Server thread/INFO] [minecraft/GameTestServer]: [+++++++++++++++X+++++++++++++++++++++++++++++++++++_++         ]
[18:24:04] [Server thread/INFO] [minecraft/GameTestRunner]: Running test environment 'dndturn:merge_world_boundary' batch 0 (1 tests)...
[18:24:04] [Server thread/INFO] [minecraft/GameTestServer]: [+++++++++++++++X++++++++++++++++++++++++++++++++++++++         ]
[18:24:04] [Server thread/INFO] [minecraft/PlayerList]: test-mock-player[embedded] logged in with entity id 260 at (0.0, 0.0, 0.0)
[18:24:04] [Server thread/INFO] [minecraft/MinecraftServer]: test-mock-player joined the game
[18:24:04] [Server thread/INFO] [minecraft/PlayerList]: test-mock-player[embedded] logged in with entity id 261 at (0.0, 0.0, 0.0)
[18:24:04] [Server thread/INFO] [minecraft/MinecraftServer]: test-mock-player joined the game
[18:24:04] [Server thread/INFO] [minecraft/GameTestServer]: [+++++++++++++++X++++++++++++++++++++++++++++++++++++++_        ]
[18:24:04] [Server thread/INFO] [minecraft/GameTestRunner]: Running test environment 'dndturn:tactical_ranged' batch 0 (1 tests)...
[18:24:04] [Server thread/INFO] [minecraft/GameTestServer]: [+++++++++++++++X+++++++++++++++++++++++++++++++++++++++_       ]
[18:24:04] [Server thread/INFO] [minecraft/GameTestServer]: [+++++++++++++++X+++++++++++++++++++++++++++++++++++++++_       ]
[18:24:04] [Server thread/INFO] [minecraft/PlayerList]: test-mock-player[embedded] logged in with entity id 271 at (0.0, 0.0, 0.0)
[18:24:04] [Server thread/INFO] [minecraft/MinecraftServer]: test-mock-player joined the game
[18:24:05] [Server thread/INFO] [minecraft/GameTestServer]: [+++++++++++++++X+++++++++++++++++++++++++++++++++++++++_       ]
[18:24:05] [Server thread/INFO] [minecraft/GameTestServer]: [+++++++++++++++X+++++++++++++++++++++++++++++++++++++++_       ]
[18:24:05] [Server thread/INFO] [minecraft/GameTestRunner]: Running test environment 'dndturn:external_melee' batch 0 (1 tests)...
[18:24:05] [Server thread/INFO] [minecraft/PlayerList]: tactical-test[embedded] logged in with entity id 276 at (0.0, 0.0, 0.0)
[18:24:05] [Server thread/INFO] [minecraft/MinecraftServer]: tactical-test joined the game
[18:24:05] [Server thread/INFO] [minecraft/GameTestServer]: [+++++++++++++++X++++++++++++++++++++++++++++++++++++++++_      ]
[18:24:05] [Server thread/INFO] [minecraft/GameTestServer]: [+++++++++++++++X++++++++++++++++++++++++++++++++++++++++_      ]
[18:24:05] [Server thread/INFO] [minecraft/GameTestRunner]: Running test environment 'dndturn:environment_boundary_time' batch 0 (1 tests)...
[18:24:06] [Server thread/INFO] [minecraft/PlayerList]: test-mock-player[embedded] logged in with entity id 278 at (0.0, 0.0, 0.0)
[18:24:06] [Server thread/INFO] [minecraft/MinecraftServer]: test-mock-player joined the game
[18:24:06] [Server thread/INFO] [minecraft/GameTestServer]: [+++++++++++++++X+++++++++++++++++++++++++++++++++++++++++_     ]
[18:24:06] [Server thread/INFO] [minecraft/GameTestServer]: [+++++++++++++++X+++++++++++++++++++++++++++++++++++++++++_     ]
[18:24:06] [Server thread/INFO] [minecraft/GameTestServer]: [+++++++++++++++X+++++++++++++++++++++++++++++++++++++++++_     ]
[18:24:06] [Server thread/INFO] [minecraft/GameTestServer]: [+++++++++++++++X+++++++++++++++++++++++++++++++++++++++++_     ]
[18:24:06] [Server thread/INFO] [minecraft/GameTestRunner]: Running test environment 'dndturn:merge_discovery_expansion' batch 0 (1 tests)...
[18:24:06] [Server thread/INFO] [minecraft/GameTestServer]: [+++++++++++++++X++++++++++++++++++++++++++++++++++++++++++_    ]
[18:24:06] [Server thread/INFO] [minecraft/PlayerList]: test-mock-player[embedded] logged in with entity id 281 at (0.0, 0.0, 0.0)
[18:24:06] [Server thread/INFO] [minecraft/MinecraftServer]: test-mock-player joined the game
[18:24:06] [Server thread/INFO] [minecraft/PlayerList]: test-mock-player[embedded] logged in with entity id 283 at (0.0, 0.0, 0.0)
[18:24:06] [Server thread/INFO] [minecraft/MinecraftServer]: test-mock-player joined the game
[18:24:06] [Server thread/INFO] [minecraft/PlayerList]: test-mock-player[embedded] logged in with entity id 285 at (0.0, 0.0, 0.0)
[18:24:06] [Server thread/INFO] [minecraft/MinecraftServer]: test-mock-player joined the game
[18:24:06] [Server thread/INFO] [minecraft/GameTestServer]: [+++++++++++++++X++++++++++++++++++++++++++++++++++++++++++_    ]
[18:24:06] [Server thread/INFO] [minecraft/GameTestServer]: [+++++++++++++++X++++++++++++++++++++++++++++++++++++++++++_    ]
[18:24:06] [Server thread/INFO] [minecraft/GameTestServer]: [+++++++++++++++X++++++++++++++++++++++++++++++++++++++++++_    ]
[18:24:06] [Server thread/INFO] [minecraft/GameTestServer]: [+++++++++++++++X++++++++++++++++++++++++++++++++++++++++++_    ]
[18:24:06] [Server thread/INFO] [minecraft/GameTestRunner]: Running test environment 'dndturn:consent_regressions' batch 0 (1 tests)...
[18:24:06] [Server thread/INFO] [minecraft/PlayerList]: exit-test-player[embedded] logged in with entity id 288 at (0.0, 0.0, 0.0)
[18:24:06] [Server thread/INFO] [minecraft/MinecraftServer]: exit-test-player joined the game
[18:24:06] [Server thread/INFO] [minecraft/PlayerList]: exit-test-player[embedded] logged in with entity id 289 at (0.0, 0.0, 0.0)
[18:24:06] [Server thread/INFO] [minecraft/MinecraftServer]: exit-test-player joined the game
[18:24:06] [Server thread/INFO] [minecraft/PlayerList]: exit-test-player[embedded] logged in with entity id 290 at (0.0, 0.0, 0.0)
[18:24:06] [Server thread/INFO] [minecraft/MinecraftServer]: exit-test-player joined the game
[18:24:06] [Server thread/INFO] [minecraft/GameTestServer]: [+++++++++++++++X+++++++++++++++++++++++++++++++++++++++++++_   ]
[18:24:06] [Server thread/INFO] [minecraft/GameTestServer]: [+++++++++++++++X+++++++++++++++++++++++++++++++++++++++++++_   ]
[18:24:06] [Server thread/INFO] [minecraft/GameTestServer]: [+++++++++++++++X+++++++++++++++++++++++++++++++++++++++++++_   ]
[18:24:06] [Server thread/INFO] [minecraft/GameTestServer]: [+++++++++++++++X+++++++++++++++++++++++++++++++++++++++++++_   ]
[18:24:06] [Server thread/INFO] [minecraft/GameTestServer]: [+++++++++++++++X+++++++++++++++++++++++++++++++++++++++++++_   ]
[18:24:06] [Server thread/INFO] [minecraft/GameTestServer]: [+++++++++++++++X+++++++++++++++++++++++++++++++++++++++++++_   ]
[18:24:06] [Server thread/INFO] [minecraft/GameTestServer]: [+++++++++++++++X+++++++++++++++++++++++++++++++++++++++++++_   ]
[18:24:06] [Server thread/INFO] [minecraft/GameTestServer]: [+++++++++++++++X+++++++++++++++++++++++++++++++++++++++++++_   ]
[18:24:06] [Server thread/INFO] [minecraft/GameTestServer]: [+++++++++++++++X+++++++++++++++++++++++++++++++++++++++++++_   ]
[18:24:06] [Server thread/INFO] [minecraft/GameTestServer]: [+++++++++++++++X+++++++++++++++++++++++++++++++++++++++++++_   ]
[18:24:06] [Server thread/INFO] [minecraft/GameTestServer]: [+++++++++++++++X+++++++++++++++++++++++++++++++++++++++++++_   ]
[18:24:06] [Server thread/INFO] [minecraft/GameTestServer]: [+++++++++++++++X+++++++++++++++++++++++++++++++++++++++++++_   ]
[18:24:06] [Server thread/INFO] [minecraft/GameTestServer]: [+++++++++++++++X+++++++++++++++++++++++++++++++++++++++++++_   ]
[18:24:06] [Server thread/INFO] [minecraft/GameTestServer]: [+++++++++++++++X+++++++++++++++++++++++++++++++++++++++++++_   ]
[18:24:06] [Server thread/INFO] [minecraft/GameTestServer]: [+++++++++++++++X+++++++++++++++++++++++++++++++++++++++++++_   ]
[18:24:06] [Server thread/INFO] [minecraft/GameTestServer]: [+++++++++++++++X+++++++++++++++++++++++++++++++++++++++++++_   ]
[18:24:06] [Server thread/INFO] [minecraft/GameTestServer]: [+++++++++++++++X+++++++++++++++++++++++++++++++++++++++++++_   ]
[18:24:06] [Server thread/INFO] [minecraft/GameTestServer]: [+++++++++++++++X+++++++++++++++++++++++++++++++++++++++++++_   ]
[18:24:06] [Server thread/INFO] [minecraft/GameTestServer]: [+++++++++++++++X+++++++++++++++++++++++++++++++++++++++++++_   ]
[18:24:06] [Server thread/INFO] [minecraft/GameTestServer]: [+++++++++++++++X+++++++++++++++++++++++++++++++++++++++++++_   ]
[18:24:06] [Server thread/INFO] [minecraft/GameTestServer]: [+++++++++++++++X+++++++++++++++++++++++++++++++++++++++++++_   ]
[18:24:06] [Server thread/INFO] [minecraft/GameTestRunner]: Running test environment 'dndturn:player_only_start' batch 0 (1 tests)...
[18:24:06] [Server thread/INFO] [minecraft/PlayerList]: test-mock-player[embedded] logged in with entity id 293 at (0.0, 0.0, 0.0)
[18:24:06] [Server thread/INFO] [minecraft/MinecraftServer]: test-mock-player joined the game
[18:24:07] [Server thread/INFO] [minecraft/GameTestServer]: [+++++++++++++++X++++++++++++++++++++++++++++++++++++++++++++_  ]
[18:24:07] [Server thread/INFO] [minecraft/GameTestServer]: [+++++++++++++++X++++++++++++++++++++++++++++++++++++++++++++_  ]
[18:24:07] [Server thread/INFO] [minecraft/GameTestServer]: [+++++++++++++++X++++++++++++++++++++++++++++++++++++++++++++_  ]
[18:24:07] [Server thread/INFO] [minecraft/GameTestRunner]: Running test environment 'dndturn:tactical_crossbow' batch 0 (1 tests)...
[18:24:07] [Server thread/INFO] [minecraft/GameTestServer]: [+++++++++++++++X+++++++++++++++++++++++++++++++++++++++++++++_ ]
[18:24:07] [Server thread/INFO] [minecraft/GameTestServer]: [+++++++++++++++X+++++++++++++++++++++++++++++++++++++++++++++_ ]
[18:24:07] [Server thread/INFO] [minecraft/PlayerList]: test-mock-player[embedded] logged in with entity id 294 at (0.0, 0.0, 0.0)
[18:24:07] [Server thread/INFO] [minecraft/MinecraftServer]: test-mock-player joined the game
[18:24:07] [Server thread/INFO] [minecraft/GameTestServer]: [+++++++++++++++X+++++++++++++++++++++++++++++++++++++++++++++_ ]
[18:24:07] [Server thread/INFO] [minecraft/GameTestServer]: [+++++++++++++++X+++++++++++++++++++++++++++++++++++++++++++++_ ]
[18:24:07] [Server thread/INFO] [minecraft/GameTestServer]: [+++++++++++++++X+++++++++++++++++++++++++++++++++++++++++++++_ ]
[18:24:07] [Server thread/INFO] [minecraft/MinecraftServer]: test-mock-player has made the advancement [Ol' Betsy]
[18:24:07] [Server thread/INFO] [minecraft/GameTestRunner]: Running test environment 'dndturn:environment_circuits' batch 0 (1 tests)...
[18:24:07] [Server thread/INFO] [minecraft/PlayerList]: test-mock-player[embedded] logged in with entity id 297 at (0.0, 0.0, 0.0)
[18:24:07] [Server thread/INFO] [minecraft/MinecraftServer]: test-mock-player joined the game
[18:24:07] [Server thread/INFO] [minecraft/GameTestServer]: [+++++++++++++++X++++++++++++++++++++++++++++++++++++++++++++++_]
[18:24:07] [Server thread/INFO] [minecraft/GameTestServer]: [+++++++++++++++X++++++++++++++++++++++++++++++++++++++++++++++_]
[18:24:07] [Server thread/INFO] [minecraft/GameTestServer]: [+++++++++++++++X++++++++++++++++++++++++++++++++++++++++++++++_]
[18:24:07] [Server thread/INFO] [minecraft/GameTestServer]: [+++++++++++++++X++++++++++++++++++++++++++++++++++++++++++++++_]
[18:24:07] [Server thread/INFO] [minecraft/GameTestServer]: [+++++++++++++++X++++++++++++++++++++++++++++++++++++++++++++++_]
[18:24:08] [Server thread/INFO] [minecraft/GameTestServer]: [+++++++++++++++X++++++++++++++++++++++++++++++++++++++++++++++_]
[18:24:08] [Server thread/INFO] [minecraft/GameTestServer]: [+++++++++++++++X++++++++++++++++++++++++++++++++++++++++++++++_]
[18:24:08] [Server thread/INFO] [minecraft/GameTestServer]: [+++++++++++++++X++++++++++++++++++++++++++++++++++++++++++++++_]
[18:24:08] [Server thread/INFO] [minecraft/GameTestServer]: [+++++++++++++++X+++++++++++++++++++++++++++++++++++++++++++++++]
[18:24:08] [Server thread/INFO] [minecraft/GameTestServer]: ========= 63 GAME TESTS COMPLETE IN 15.54 s ======================
[18:24:08] [Server thread/ERROR] [minecraft/GameTestServer]: 1 required tests failed :(
[18:24:08] [Server thread/ERROR] [minecraft/GameTestServer]:    - dndturn:player_item_projectiles: missing causal native impact: [Result[snapshot=Snapshot[operationId=d84553e1-4686-402c-98f3-b46b0922ceac, parentId=dcc5e5ff-9ee5-4001-9d82-d5e32fb4c5e3, encounterId=b3e80b39-fce0-43e1-8463-4ab6e71e237d, owner=8bd8fcd7-ee19-4d3b-8da2-809ae90559aa, source=8bd8fcd7-ee19-4d3b-8da2-809ae90559aa, target=null, serverTick=821, encounterVersion=1, sourceCell=GridCell[x=5044495, y=93, z=-14816463], targetCell=GridCell[x=5044498, y=92, z=-14816463], kind=USE_ITEM, observationEpoch=b8af8fe2-2d00-4687-b093-8829b17710e8, intent=null], step=0, outcome=COMPLETED, reason=world interaction accepted, actualMovementTicks=0, actualDamage=0.0, publishedVersion=3, terminal=true, damageTrace=null, conclusion=null, failure=Details[code=NONE, retry=NONE]], Result[snapshot=Snapshot[operationId=dcc5e5ff-9ee5-4001-9d82-d5e32fb4c5e3, parentId=null, encounterId=b3e80b39-fce0-43e1-8463-4ab6e71e237d, owner=8bd8fcd7-ee19-4d3b-8da2-809ae90559aa, source=8bd8fcd7-ee19-4d3b-8da2-809ae90559aa, target=null, serverTick=821, encounterVersion=0, sourceCell=GridCell[x=5044495, y=93, z=-14816463], targetCell=GridCell[x=5044498, y=92, z=-14816463], kind=PLAN, observationEpoch=b8af8fe2-2d00-4687-b093-8829b17710e8, intent=TacticalIntent[behaviorId=dndturn:experience_bottle, behaviorVersion=1, hand=MAIN_HAND, capability=USE_ITEM, target=Target[kind=BLOCK, dimension=minecraft:overworld, entity=null, cell=GridCell[x=5044498, y=92, z=-14816463], face=1, x=0.5, y=1.0, z=0.5], item=ItemReference[slot=0, revision=fd6a5b8703a8af073dab83a70d5f4c34a3d22d624fca091139127d9e67a672ea], source=AbilitySource[kind=EQUIPMENT, hand=MAIN_HAND, item=ItemReference[slot=0, revision=fd6a5b8703a8af073dab83a70d5f4c34a3d22d624fca091139127d9e67a672ea], provider=null, version=0, actor=null, instance=null, grant=null], approach=null]], step=0, outcome=COMPLETED, reason=world interaction accepted, actualMovementTicks=0, actualDamage=0.0, publishedVersion=4, terminal=true, damageTrace=null, conclusion=ExecutionConclusion[effect=COMPLETED, release=RELEASED, releaseReason=], failure=Details[code=NONE, retry=NONE]], Result[snapshot=Snapshot[operationId=29a18d40-6aca-4eb9-aba5-583e285660c3, parentId=null, encounterId=b3e80b39-fce0-43e1-8463-4ab6e71e237d, owner=8bd8fcd7-ee19-4d3b-8da2-809ae90559aa, source=8bd8fcd7-ee19-4d3b-8da2-809ae90559aa, target=null, serverTick=826, encounterVersion=4, sourceCell=GridCell[x=5044495, y=93, z=-14816463], targetCell=null, kind=END_TURN, observationEpoch=b8af8fe2-2d00-4687-b093-8829b17710e8, intent=null], step=0, outcome=COMPLETED, reason=turn ended, actualMovementTicks=0, actualDamage=0.0, publishedVersion=6, terminal=true, damageTrace=null, conclusion=null, failure=Details[code=NONE, retry=NONE]]] on tick 301
[18:24:08] [Server thread/INFO] [minecraft/GameTestServer]: ====================================================
[18:24:08] [Server thread/INFO] [minecraft/MinecraftServer]: Stopping server
[18:24:08] [Server thread/INFO] [minecraft/MinecraftServer]: Saving players
[18:24:08] [Server thread/INFO] [minecraft/ServerGamePacketListenerImpl]: tactical-test lost connection: Server closed
[18:24:08] [Server thread/INFO] [minecraft/MinecraftServer]: tactical-test left the game
[18:24:08] [Server thread/INFO] [minecraft/ServerGamePacketListenerImpl]: tactical-test lost connection: Server closed
[18:24:08] [Server thread/INFO] [minecraft/MinecraftServer]: tactical-test left the game
[18:24:08] [Server thread/INFO] [minecraft/ServerGamePacketListenerImpl]: test-mock-player lost connection: Server closed
[18:24:08] [Server thread/INFO] [minecraft/MinecraftServer]: test-mock-player left the game
[18:24:08] [Server thread/INFO] [minecraft/ServerGamePacketListenerImpl]: test-mock-player lost connection: Server closed
[18:24:08] [Server thread/INFO] [minecraft/MinecraftServer]: test-mock-player left the game
[18:24:08] [Server thread/INFO] [minecraft/ServerGamePacketListenerImpl]: test-mock-player lost connection: Server closed
[18:24:08] [Server thread/INFO] [minecraft/MinecraftServer]: test-mock-player left the game
[18:24:08] [Server thread/INFO] [minecraft/ServerGamePacketListenerImpl]: test-mock-player lost connection: Server closed
[18:24:08] [Server thread/INFO] [minecraft/MinecraftServer]: test-mock-player left the game
[18:24:08] [Server thread/INFO] [minecraft/ServerGamePacketListenerImpl]: test-mock-player lost connection: Server closed
[18:24:08] [Server thread/INFO] [minecraft/MinecraftServer]: test-mock-player left the game
[18:24:08] [Server thread/INFO] [minecraft/ServerGamePacketListenerImpl]: test-mock-player lost connection: Server closed
[18:24:08] [Server thread/INFO] [minecraft/MinecraftServer]: test-mock-player left the game
[18:24:08] [Server thread/INFO] [minecraft/ServerGamePacketListenerImpl]: test-mock-player lost connection: Server closed
[18:24:08] [Server thread/INFO] [minecraft/MinecraftServer]: test-mock-player left the game
[18:24:08] [Server thread/INFO] [minecraft/ServerGamePacketListenerImpl]: test-mock-player lost connection: Server closed
[18:24:08] [Server thread/INFO] [minecraft/MinecraftServer]: test-mock-player left the game
[18:24:08] [Server thread/INFO] [minecraft/ServerGamePacketListenerImpl]: tactical-test lost connection: Server closed
[18:24:08] [Server thread/INFO] [minecraft/MinecraftServer]: tactical-test left the game
[18:24:08] [Server thread/INFO] [minecraft/ServerGamePacketListenerImpl]: test-mock-player lost connection: Server closed
[18:24:08] [Server thread/INFO] [minecraft/MinecraftServer]: test-mock-player left the game
[18:24:08] [Server thread/INFO] [minecraft/ServerGamePacketListenerImpl]: exit-test-player lost connection: Server closed
[18:24:08] [Server thread/INFO] [minecraft/MinecraftServer]: exit-test-player left the game
[18:24:08] [Server thread/INFO] [minecraft/ServerGamePacketListenerImpl]: test-mock-player lost connection: Server closed
[18:24:08] [Server thread/INFO] [minecraft/MinecraftServer]: test-mock-player left the game
[18:24:08] [Server thread/INFO] [minecraft/ServerGamePacketListenerImpl]: test-mock-player lost connection: Server closed
[18:24:08] [Server thread/INFO] [minecraft/MinecraftServer]: test-mock-player left the game
[18:24:08] [Server thread/INFO] [minecraft/ServerGamePacketListenerImpl]: test-mock-player lost connection: Server closed
[18:24:08] [Server thread/INFO] [minecraft/MinecraftServer]: test-mock-player left the game
[18:24:08] [Server thread/INFO] [minecraft/ServerGamePacketListenerImpl]: candidate-review-player lost connection: Server closed
[18:24:08] [Server thread/INFO] [minecraft/MinecraftServer]: candidate-review-player left the game
[18:24:08] [Server thread/INFO] [minecraft/ServerGamePacketListenerImpl]: test-mock-player lost connection: Server closed
[18:24:08] [Server thread/INFO] [minecraft/MinecraftServer]: test-mock-player left the game
[18:24:08] [Server thread/INFO] [minecraft/ServerGamePacketListenerImpl]: test-mock-player lost connection: Server closed
[18:24:08] [Server thread/INFO] [minecraft/MinecraftServer]: test-mock-player left the game
[18:24:08] [Server thread/INFO] [minecraft/ServerGamePacketListenerImpl]: test-mock-player lost connection: Server closed
[18:24:08] [Server thread/INFO] [minecraft/MinecraftServer]: test-mock-player left the game
[18:24:08] [Server thread/INFO] [minecraft/ServerGamePacketListenerImpl]: tactical-test lost connection: Server closed
[18:24:08] [Server thread/INFO] [minecraft/MinecraftServer]: tactical-test left the game
[18:24:08] [Server thread/INFO] [minecraft/ServerGamePacketListenerImpl]: tactical-test lost connection: Server closed
[18:24:08] [Server thread/INFO] [minecraft/MinecraftServer]: tactical-test left the game
[18:24:08] [Server thread/INFO] [minecraft/ServerGamePacketListenerImpl]: test-mock-player lost connection: Server closed
[18:24:08] [Server thread/INFO] [minecraft/MinecraftServer]: test-mock-player left the game
[18:24:08] [Server thread/INFO] [minecraft/ServerGamePacketListenerImpl]: test-mock-player lost connection: Server closed
[18:24:08] [Server thread/INFO] [minecraft/MinecraftServer]: test-mock-player left the game
[18:24:08] [Server thread/INFO] [minecraft/ServerGamePacketListenerImpl]: test-mock-player lost connection: Server closed
[18:24:08] [Server thread/INFO] [minecraft/MinecraftServer]: test-mock-player left the game
[18:24:08] [Server thread/INFO] [minecraft/ServerGamePacketListenerImpl]: tactical-test lost connection: Server closed
[18:24:08] [Server thread/INFO] [minecraft/MinecraftServer]: tactical-test left the game
[18:24:08] [Server thread/INFO] [minecraft/ServerGamePacketListenerImpl]: test-mock-player lost connection: Server closed
[18:24:08] [Server thread/INFO] [minecraft/MinecraftServer]: test-mock-player left the game
[18:24:08] [Server thread/INFO] [minecraft/ServerGamePacketListenerImpl]: test-mock-player lost connection: Server closed
[18:24:08] [Server thread/INFO] [minecraft/MinecraftServer]: test-mock-player left the game
[18:24:08] [Server thread/INFO] [minecraft/ServerGamePacketListenerImpl]: test-mock-player lost connection: Server closed
[18:24:08] [Server thread/INFO] [minecraft/MinecraftServer]: test-mock-player left the game
[18:24:08] [Server thread/INFO] [minecraft/ServerGamePacketListenerImpl]: test-mock-player lost connection: Server closed
[18:24:08] [Server thread/INFO] [minecraft/MinecraftServer]: test-mock-player left the game
[18:24:08] [Server thread/INFO] [minecraft/ServerGamePacketListenerImpl]: test-mock-player lost connection: Server closed
[18:24:08] [Server thread/INFO] [minecraft/MinecraftServer]: test-mock-player left the game
[18:24:08] [Server thread/INFO] [minecraft/ServerGamePacketListenerImpl]: exit-test-player lost connection: Server closed
[18:24:08] [Server thread/INFO] [minecraft/MinecraftServer]: exit-test-player left the game
[18:24:08] [Server thread/INFO] [minecraft/ServerGamePacketListenerImpl]: exit-test-player lost connection: Server closed
[18:24:08] [Server thread/INFO] [minecraft/MinecraftServer]: exit-test-player left the game
[18:24:08] [Server thread/INFO] [minecraft/ServerGamePacketListenerImpl]: test-mock-player lost connection: Server closed
[18:24:08] [Server thread/INFO] [minecraft/MinecraftServer]: test-mock-player left the game
[18:24:08] [Server thread/INFO] [minecraft/MinecraftServer]: Saving worlds
[18:24:08] [Server thread/INFO] [minecraft/MinecraftServer]: Saving chunks for level 'ServerLevel[Test Level]'/minecraft:overworld
[18:24:09] [Server thread/INFO] [minecraft/MinecraftServer]: Saving chunks for level 'ServerLevel[Test Level]'/minecraft:the_end
[18:24:09] [Server thread/INFO] [minecraft/MinecraftServer]: Saving chunks for level 'ServerLevel[Test Level]'/minecraft:the_nether
[18:24:09] [Server thread/INFO] [minecraft/MinecraftServer]: ThreadedAnvilChunkStorage (world): All chunks are saved
[18:24:09] [Server thread/INFO] [minecraft/MinecraftServer]: ThreadedAnvilChunkStorage (DIM1): All chunks are saved
[18:24:09] [Server thread/INFO] [minecraft/MinecraftServer]: ThreadedAnvilChunkStorage (DIM-1): All chunks are saved
[18:24:09] [Server thread/INFO] [minecraft/MinecraftServer]: ThreadedAnvilChunkStorage: All dimensions are saved
[18:24:09] [Server thread/INFO] [minecraft/GameTestServer]: Game test server shutting down

> Task :runGameTestServer FAILED

[Incubating] Problems report is available at: file:///D:/javaProjects/dndturn26.1/targets/neoforge-26.1/build/reports/problems/problems-report.html

FAILURE: Build failed with an exception.

* What went wrong:
Execution failed for task ':runGameTestServer' (registered in build file 'build.gradle').
> Process 'command 'C:\Program Files\Java\jdk-25.0.3\bin\java.exe'' finished with non-zero exit value 1

* Try:
> Run with --stacktrace option to get the stack trace.
> Run with --info or --debug option to get more log output.
> Run with --scan to get full insights from a Build Scan (powered by Develocity).
> Get more help at https://help.gradle.org.

Deprecated Gradle features were used in this build, making it incompatible with Gradle 10.

You can use '--warning-mode all' to show the individual deprecation warnings and determine if they come from your own scripts or plugins.

For more on this, please refer to https://docs.gradle.org/9.7.1/userguide/command_line_interface.html#sec:command_line_warnings in the Gradle documentation.

BUILD FAILED in 29s
16 actionable tasks: 7 executed, 9 up-to-date
